country,country_code,year,hdi,hdi_rank_2022,gdp_current_usd,population,gdp_per_capita_usd,gini_index,gini_index_source_year,poverty_headcount_ratio,poverty_headcount_ratio_source_year,life_expectancy,expected_years_schooling,mean_years_schooling,un_region,un_subregion
Afghanistan,AFG,1990,0.284,182,,12045660,,,,,,48.56704878,2.6,1.49,Asia,Southern Asia
Afghanistan,AFG,2000,0.34,182,3521418059.923445,20130327,174.9309914301663,,,,,54.84856098,5.9,2.2,Asia,Southern Asia
Afghanistan,AFG,2010,0.449,182,15856668555.833595,28284089,560.6215054631456,,,,,59.60009756,9.5,3.2,Asia,Southern Asia
Afghanistan,AFG,2015,0.479,182,19134221644.73249,33831764,565.5697304087511,,,,,,10.4,3.6,Asia,Southern Asia
Afghanistan,AFG,2019,0.492,182,18799444490.11278,37856121,496.6025042584997,,,,,,,,Asia,Southern Asia
Afghanistan,AFG,2020,0.488,182,19955929052.1496,39068979,510.7870633668108,,,,,,,,Asia,Southern Asia
Afghanistan,AFG,2021,0.473,182,14266499429.874573,40000412,356.65881216109904,,,,,,,,Asia,Southern Asia
Afghanistan,AFG,2022,0.462,182,14502158192.090397,40578842,357.38225827366875,,,,,,,,Asia,Southern Asia
Angola,AGO,2000,0.38,150,9129594970.153011,16194869,563.733795571487,51.9,2000.0,36.37447783780093,2000.0,45.20478049,5.1,4.4,Africa,Sub-Saharan Africa
Angola,AGO,2010,0.516,150,83799474069.73146,23294825,3597.342932163322,42.7,2008.0,34.44685654028125,2008.0,50.65417073,8.6,4.7,Africa,Sub-Saharan Africa
Angola,AGO,2015,0.591,150,90496420506.59566,28157798,3213.902610800591,51.3,2018.0,49.90295419834461,2018.0,,11.0,5.0,Africa,Sub-Saharan Africa
Angola,AGO,2019,0.597,150,70897962732.02774,32375632,2189.8557140761836,51.3,2018.0,49.90295419834461,2018.0,,,,Africa,Sub-Saharan Africa
Angola,AGO,2020,0.594,150,48501561203.56864,33451132,1449.9228666930806,51.3,2018.0,49.90295419834461,2018.0,,,,Africa,Sub-Saharan Africa
Angola,AGO,2021,0.59,150,66505129987.72355,34532429,1925.8746608216743,51.3,2018.0,49.90295419834461,2018.0,,,,Africa,Sub-Saharan Africa
Angola,AGO,2022,0.591,150,104399746853.4014,35635029,2929.6944546727154,51.3,2018.0,49.90295419834461,2018.0,,,,Africa,Sub-Saharan Africa
Albania,ALB,1990,0.649,74,2028553750.0,3286542,617.2304355155054,,,,,71.95731707,11.6,7.83,Europe,Southern Europe
Albania,ALB,2000,0.678,74,3480355258.04122,3089027,1126.6833401071665,31.7,2002.0,1.57084335862702,2002.0,74.27207317,10.6,8.8,Europe,Southern Europe
Albania,ALB,2010,0.766,74,11926926615.801523,2913021,4094.349685704814,30.0,2008.0,0.31364958127441,2008.0,76.9785122,13.1,9.3,Europe,Southern Europe
Albania,ALB,2015,0.797,74,11386853113.0189,2731293,4169.033901898808,32.8,2015.0,0.12062105945625,2015.0,,14.8,9.7,Europe,Southern Europe
Albania,ALB,2019,0.8,74,15401826127.253857,2567801,5998.060646932475,30.1,2019.0,0.0,2019.0,,,,Europe,Southern Europe
Albania,ALB,2020,0.784,74,15162734205.246202,2528480,5996.778382762056,29.4,2020.0,0.0,2019.0,,,,Europe,Southern Europe
Albania,ALB,2021,0.785,74,17930565118.81762,2489762,7201.718525231576,29.4,2020.0,0.0,2019.0,,,,Europe,Southern Europe
Albania,ALB,2022,0.789,74,18916378860.54883,2451636,7715.818686195189,29.4,2020.0,0.0,2019.0,,,,Europe,Southern Europe
Andorra,AND,2000,0.815,35,1432606188.693242,65685,21810.248743141387,,,,,,10.8,6.7,Europe,Southern Europe
Andorra,AND,2010,0.863,35,3449925738.860686,80706,42746.830952601864,,,,,,11.7,10.1,Europe,Southern Europe
Andorra,AND,2015,0.856,35,2789881258.503616,72174,38654.93472030947,,,,,,13.5,10.2,Europe,Southern Europe
Andorra,AND,2019,0.865,35,3155149347.806392,76474,41257.80458464828,,,,,,,,Europe,Southern Europe
Andorra,AND,2020,0.843,35,2891001149.361105,77380,37361.090066698176,,,,,,,,Europe,Southern Europe
Andorra,AND,2021,0.855,35,3324683011.590301,78364,42426.15246274183,,,,,,,,Europe,Southern Europe
Andorra,AND,2022,0.884,35,3380602042.8428345,79705,42413.9268909458,,,,,,,,Europe,Southern Europe
United Arab Emirates,ARE,1990,0.717,17,50701443748.29747,1898220,26709.993440326976,,,,,71.72063415,10.7,5.63,Asia,Western Asia
United Arab Emirates,ARE,2000,0.79,17,104337372362.15112,3493575,29865.502347066005,,,,,74.40568293,12.0,8.3,Asia,Western Asia
United Arab Emirates,ARE,2010,0.828,17,300189052688.90405,6869838,43696.67125904629,32.5,2013.0,0.0,2013.0,76.59860976,13.4,9.9,Asia,Western Asia
United Arab Emirates,ARE,2015,0.86,17,370275469571.1368,8505237,43534.99726946313,32.5,2013.0,0.0,2013.0,,13.8,10.6,Asia,Western Asia
United Arab Emirates,ARE,2019,0.933,17,417989721742.6821,9445785,44251.454139881665,26.4,2018.0,,,,,,Asia,Western Asia
United Arab Emirates,ARE,2020,0.93,17,349473015330.15656,9401038,37173.875409306565,26.4,2018.0,,,,,,Asia,Western Asia
United Arab Emirates,ARE,2021,0.931,17,415178792756.9776,9575152,43360.021100132675,26.4,2018.0,,,,,,Asia,Western Asia
United Arab Emirates,ARE,2022,0.937,17,507063968277.74,10074977,50329.04474895972,26.4,2018.0,,,,,,Asia,Western Asia
Argentina,ARG,1990,0.724,48,141352654305.16275,32755901,4315.334031115882,46.8,1991.0,,,71.54365854,13.2,7.88,Americas,Latin America and the Caribbean
Argentina,ARG,2000,0.78,48,284203750000.0,37213984,7637.014892036284,51.0,2000.0,,,73.74565854,15.6,9.1,Americas,Latin America and the Caribbean
Argentina,ARG,2010,0.834,48,423627422092.4897,41288694,10260.13131082542,43.7,2010.0,,,75.66356098,17.1,9.8,Americas,Latin America and the Caribbean
Argentina,ARG,2015,0.85,48,594749285413.2124,43477012,13679.626498095417,42.3,2016.0,,,,17.4,9.8,Americas,Latin America and the Caribbean
Argentina,ARG,2019,0.853,48,447754683615.22455,44973465,9955.974786804276,43.3,2019.0,,,,,,Americas,Latin America and the Caribbean
Argentina,ARG,2020,0.841,48,385740508436.9652,45191965,8535.59938004389,42.7,2020.0,,,,,,Americas,Latin America and the Caribbean
Argentina,ARG,2021,0.844,48,487902572164.3484,45312281,10767.557081585639,42.4,2021.0,,,,,,Americas,Latin America and the Caribbean
Argentina,ARG,2022,0.849,48,631133384439.9445,45407904,13899.196590090229,40.7,2022.0,,,,,,Americas,Latin America and the Caribbean
Armenia,ARM,1990,0.658,76,2256863448.77086,3552128,635.3553275025168,,,,,67.74780488,10.7,10.08,Asia,Western Asia
Armenia,ARM,2000,0.656,76,1911563668.8500648,3221100,593.4505817422821,36.2,1999.0,12.21169122883909,1999.0,71.27653659,11.1,10.8,Asia,Western Asia
Armenia,ARM,2010,0.739,76,9260285755.624235,3044800,3041.344507233393,30.0,2010.0,0.95146534576944,2010.0,74.21965854,13.0,11.1,Asia,Western Asia
Armenia,ARM,2015,0.769,76,10553337518.414,3004600,3512.3935027670905,32.4,2015.0,1.14636006826349,2015.0,,13.0,11.6,Asia,Western Asia
Armenia,ARM,2019,0.789,76,13619290539.211609,2962500,4597.22887399548,30.0,2019.0,1.03006977854627,2019.0,,,,Asia,Western Asia
Armenia,ARM,2020,0.769,76,12641698583.21524,2961500,4268.680933045835,25.1,2020.0,0.38813461106411,2020.0,,,,Asia,Western Asia
Armenia,ARM,2021,0.774,76,13878908628.937807,2962300,4685.179971285085,27.9,2021.0,0.38813461106411,2020.0,,,,Asia,Western Asia
Armenia,ARM,2022,0.786,76,19513474648.24293,2969200,6571.963710172077,27.9,2022.0,0.38813461106411,2020.0,,,,Asia,Western Asia
Antigua and Barbuda,ATG,2010,0.808,54,1298255555.5555556,85320,15216.309840079179,,,,,75.33390244,12.9,9.2,Americas,Latin America and the Caribbean
Antigua and Barbuda,ATG,2015,0.818,54,1437755555.555555,89409,16080.658049587348,,,,,,13.3,9.2,Americas,Latin America and the Caribbean
Antigua and Barbuda,ATG,2019,0.831,54,1725351851.8518517,91364,18884.372968038304,,,,,,,,Americas,Latin America and the Caribbean
Antigua and Barbuda,ATG,2020,0.82,54,1410796296.296296,91846,15360.454416047469,,,,,,,,Americas,Latin America and the Caribbean
Antigua and Barbuda,ATG,2021,0.819,54,1601366666.6666665,92349,17340.379069255396,,,,,,,,Americas,Latin America and the Caribbean
Antigua and Barbuda,ATG,2022,0.826,54,1867733333.3333333,92840,20117.765331035473,,,,,,,,Americas,Latin America and the Caribbean
Australia,AUS,1990,0.864,10,311420509067.6277,17065128,18248.940709242128,33.2,1989.0,0.7442749773601199,1989.0,76.99463415,17.4,11.2,Oceania,Australia and New Zealand
Australia,AUS,2000,0.896,10,416167815092.9082,19028802,21870.41596695936,33.5,2001.0,0.74741161550504,2001.0,79.23414634,20.5,11.9,Oceania,Australia and New Zealand
Australia,AUS,2010,0.924,10,1148890200292.423,22031750,52147.0241942843,34.7,2010.0,0.3491684119292,2010.0,81.69512195,19.8,12.4,Oceania,Australia and New Zealand
Australia,AUS,2015,0.933,10,1351768945139.1135,23815995,56758.869202782145,34.4,2014.0,0.4984838031620799,2014.0,,23.3,12.8,Oceania,Australia and New Zealand
Australia,AUS,2019,0.941,10,1394671325960.568,25334826,55049.57191971905,34.3,2018.0,0.49709397223352,2018.0,,,,Oceania,Australia and New Zealand
Australia,AUS,2020,0.948,10,1330381544909.3044,25649248,51868.24755678234,34.3,2018.0,0.49709397223352,2018.0,,,,Oceania,Australia and New Zealand
Australia,AUS,2021,0.949,10,1559033756285.1294,25685412,60697.24543585788,34.3,2018.0,0.49709397223352,2018.0,,,,Oceania,Australia and New Zealand
Australia,AUS,2022,0.946,10,1692956646855.7017,26018721,65066.86654027697,34.3,2018.0,0.49709397223352,2018.0,,,,Oceania,Australia and New Zealand
Austria,AUT,1990,0.823,22,166463386179.35373,7677850,21680.989623313002,30.8,1994.0,0.0,1987.0,75.56829268,14.0,8.64,Europe,Western Europe
Austria,AUT,2000,0.87,22,197289625479.9063,8011566,24625.600722743384,29.0,2000.0,0.24160877106211,2000.0,78.12682927,15.5,9.0,Europe,Western Europe
Austria,AUT,2010,0.903,22,392275107258.6674,8363404,46903.76158543428,30.3,2010.0,0.49070253233266,2010.0,80.5804878,16.0,11.8,Europe,Western Europe
Austria,AUT,2015,0.91,22,381971148530.5428,8642699,44195.817594774824,30.5,2015.0,0.67719302046479,2015.0,,15.9,12.1,Europe,Western Europe
Austria,AUT,2019,0.92,22,444596155845.2542,8879920,50067.58572658923,30.2,2019.0,0.6406388870167501,2019.0,,,,Europe,Western Europe
Austria,AUT,2020,0.916,22,435049316955.73663,8916864,48789.49784988721,29.8,2020.0,0.6406388870167501,2019.0,,,,Europe,Western Europe
Austria,AUT,2021,0.92,22,479295362747.0466,8955797,53517.89045096115,30.7,2021.0,0.6406388870167501,2019.0,,,,Europe,Western Europe
Austria,AUT,2022,0.926,22,470941926750.7412,9041851,52084.68119533724,30.9,2022.0,0.6406388870167501,2019.0,,,,Europe,Western Europe
Azerbaijan,AZE,2000,0.635,89,5272615722.968918,8048600,655.0972495799167,36.5,2001.0,2.58273489621592,2001.0,66.7582439,10.4,10.6,Asia,Western Asia
Azerbaijan,AZE,2010,0.733,89,52909294791.92624,9054332,5843.5337683582,26.6,2005.0,0.0,2005.0,70.45029268,11.7,10.7,Asia,Western Asia
Azerbaijan,AZE,2015,0.751,89,53076235354.74602,9649341,5500.503646284862,,,,,,12.7,10.7,Asia,Western Asia
Azerbaijan,AZE,2019,0.762,89,48174235294.117645,10024283,4805.753717659173,,,,,,,,Asia,Western Asia
Azerbaijan,AZE,2020,0.722,89,42693000000.0,10093121,4229.910649045028,,,,,,,,Asia,Western Asia
Azerbaijan,AZE,2021,0.738,89,54825411764.70589,10137750,5408.045351750229,,,,,,,,Asia,Western Asia
Azerbaijan,AZE,2022,0.76,89,78807470588.2353,10141756,7770.594223350996,,,,,,,,Asia,Western Asia
Burundi,BDI,1990,0.285,187,1132101252.5181746,5587052,202.6294461762974,33.3,1992.0,81.89334674586948,1992.0,47.32914634,4.4,1.44,Africa,Sub-Saharan Africa
Burundi,BDI,2000,0.298,187,870486065.8831366,6470194,134.53786175238898,42.1,1998.0,79.44115554829364,1998.0,48.20802439,4.5,1.8,Africa,Sub-Saharan Africa
Burundi,BDI,2010,0.404,187,2032135192.0124843,9376444,216.72770530197636,38.6,2013.0,65.13289285225838,2013.0,52.62402439,10.5,2.6,Africa,Sub-Saharan Africa
Burundi,BDI,2015,0.42,187,3104003546.264973,11047580,280.9668313119229,38.6,2013.0,72.79985018363787,2013.0,,11.7,2.9,Africa,Sub-Saharan Africa
Burundi,BDI,2019,0.423,187,2576518879.823531,12255336,210.23649452153177,37.5,2020.0,,,,,,Africa,Sub-Saharan Africa
Burundi,BDI,2020,0.419,187,2649680261.442985,12617036,210.00813990250842,37.5,2020.0,,,,,,Africa,Sub-Saharan Africa
Burundi,BDI,2021,0.419,187,2775798697.460224,12965481,214.09145541613336,37.5,2020.0,,,,,,Africa,Sub-Saharan Africa
Burundi,BDI,2022,0.42,187,3338722827.656905,13321097,250.6342253687444,37.5,2020.0,,,,,,Africa,Sub-Saharan Africa
Belgium,BEL,1990,0.814,12,205331747947.8513,9967379,20600.375278982698,25.7,1988.0,0.47780891416932,1988.0,76.05195122,14.1,9.1,Europe,Western Europe
Belgium,BEL,2000,0.884,12,236792460312.4711,10251250,23098.88650774014,33.1,2000.0,0.30550600944605,2000.0,77.72195122,17.9,10.0,Europe,Western Europe
Belgium,BEL,2010,0.913,12,481420882905.0009,10895586,44184.94635396398,28.4,2010.0,0.13711528345956,2010.0,80.23414634,19.1,11.1,Europe,Western Europe
Belgium,BEL,2015,0.924,12,462335574841.4841,11274196,41008.296719471975,27.7,2015.0,0.0707585482592044,2015.0,,19.8,11.7,Europe,Western Europe
Belgium,BEL,2019,0.936,12,535865804349.80304,11488980,46641.72140170868,27.2,2019.0,0.0785524649988983,2019.0,,,,Europe,Western Europe
Belgium,BEL,2020,0.93,12,526021513474.2427,11538604,45587.96830831899,26.0,2020.0,0.0785524649988983,2019.0,,,,Europe,Western Europe
Belgium,BEL,2021,0.938,12,600904461226.3469,11586195,51863.83115650539,26.6,2021.0,0.0785524649988983,2019.0,,,,Europe,Western Europe
Belgium,BEL,2022,0.942,12,583613982019.263,11680210,49966.0521531088,26.4,2022.0,0.0785524649988983,2019.0,,,,Europe,Western Europe
Benin,BEN,1990,0.35,173,1959965330.1476505,5281479,371.1016043323566,,,,,53.42,5.3,1.62,Africa,Sub-Saharan Africa
Benin,BEN,2000,0.412,173,3519991440.479132,7221619,487.42414138424255,38.6,2003.0,51.427110150551925,2003.0,55.1882439,6.7,2.6,Africa,Sub-Saharan Africa
Benin,BEN,2010,0.481,173,9535345015.78355,9797484,973.2442549315264,43.4,2011.0,54.26164660246901,2011.0,58.74668293,11.0,2.8,Africa,Sub-Saharan Africa
Benin,BEN,2015,0.509,173,11388160996.773785,11360681,1002.4188687961386,47.6,2015.0,49.60588585720552,2015.0,,12.6,3.5,Africa,Sub-Saharan Africa
Benin,BEN,2019,0.506,173,14390708751.02496,12726755,1130.7445417960007,37.9,2018.0,19.89600556556809,2018.0,,,,Africa,Sub-Saharan Africa
Benin,BEN,2020,0.501,173,15686741883.93395,13070169,1200.1942655778935,34.4,2021.0,19.89600556556809,2018.0,,,,Africa,Sub-Saharan Africa
Benin,BEN,2021,0.502,173,17687623530.335533,13413417,1318.6515807519838,34.4,2021.0,19.16538004356062,2018.0,,,,Africa,Sub-Saharan Africa
Benin,BEN,2022,0.504,173,17425418044.290585,13759501,1266.4280517360755,34.4,2021.0,19.16538004356062,2018.0,,,,Africa,Sub-Saharan Africa
Burkina Faso,BFA,2000,0.296,185,2968370087.597594,11925546,248.90852692175216,49.9,1998.0,79.91789625584349,1998.0,50.4827561,3.5,1.2,Africa,Sub-Saharan Africa
Burkina Faso,BFA,2010,0.372,185,10109619740.69942,16176498,624.9572522247659,39.8,2009.0,52.64916971282702,2009.0,55.0067561,6.7,1.4,Africa,Sub-Saharan Africa
Burkina Faso,BFA,2015,0.413,185,11832159315.62978,18777487,630.124750752312,35.3,2014.0,39.60285868972454,2014.0,,8.3,1.4,Africa,Sub-Saharan Africa
Burkina Faso,BFA,2019,0.446,185,16032813501.663946,20961952,764.8530776935252,43.0,2018.0,30.53531286554677,2018.0,,,,Africa,Sub-Saharan Africa
Burkina Faso,BFA,2020,0.446,185,17725010530.7894,21478690,825.2370387015874,37.4,2021.0,33.661068989929674,2018.0,,,,Africa,Sub-Saharan Africa
Burkina Faso,BFA,2021,0.445,185,19643166853.66414,21995243,893.0643254845668,37.4,2021.0,33.661068989929674,2018.0,,,,Africa,Sub-Saharan Africa
Burkina Faso,BFA,2022,0.438,185,18820219331.22608,22509038,836.1183330547526,37.4,2021.0,33.661068989929674,2018.0,,,,Africa,Sub-Saharan Africa
Bangladesh,BGD,1990,0.399,129,31598340778.21637,111633717,283.0537370552337,27.6,1991.0,41.94486330841814,1991.0,60.0084878,5.6,2.84,Asia,Southern Asia
Bangladesh,BGD,2000,0.491,129,53369787318.62453,134544304,396.6707302497512,33.4,2000.0,34.22189766703072,2000.0,65.31973171,7.5,4.1,Asia,Southern Asia
Bangladesh,BGD,2010,0.558,129,115275540861.35988,152201981,757.3852856840272,32.1,2010.0,18.223856287092367,2010.0,69.48580488,9.4,4.9,Asia,Southern Asia
Bangladesh,BGD,2015,0.604,129,195146607942.29083,159383179,1224.3864701825958,32.4,2016.0,13.468302966183652,2016.0,,11.3,5.2,Asia,Southern Asia
Bangladesh,BGD,2019,0.646,129,351231655150.82745,164913055,2129.7989728637763,32.4,2016.0,14.32454635829136,2016.0,,,,Asia,Southern Asia
Bangladesh,BGD,2020,0.657,129,373979442653.34265,166298024,2248.8507900330956,33.4,2022.0,14.32454635829136,2016.0,,,,Asia,Southern Asia
Bangladesh,BGD,2021,0.662,129,416271647002.4352,167658854,2482.849173014359,33.4,2022.0,14.32454635829136,2016.0,,,,Asia,Southern Asia
Bangladesh,BGD,2022,0.67,129,460131688909.3012,169384897,2716.485926778355,33.4,2022.0,,,,,,Asia,Southern Asia
Bulgaria,BGR,1990,0.698,70,20632090909.090908,8718289,2366.5298212861385,23.4,1989.0,0.0527160644531249,1989.0,71.64146341,12.1,8.44,Europe,Eastern Europe
Bulgaria,BGR,2000,0.723,70,13245990274.45809,8170172,1621.2621073899165,32.7,2001.0,2.50703847700764,2001.0,71.66341463,12.9,9.5,Europe,Eastern Europe
Bulgaria,BGR,2010,0.79,70,50760929302.51474,7395599,6863.667067740523,35.7,2010.0,1.97813777177459,2010.0,73.51219512,14.4,10.6,Europe,Eastern Europe
Bulgaria,BGR,2015,0.809,70,50811995688.67711,6984225,7275.251826605974,38.6,2015.0,3.39483258528916,2015.0,,15.1,11.8,Europe,Eastern Europe
Bulgaria,BGR,2019,0.813,70,68881010245.54976,6616726,10410.13489836964,40.3,2019.0,0.91211023587436,2019.0,,,,Europe,Eastern Europe
Bulgaria,BGR,2020,0.802,70,70368758395.14104,6550696,10742.180433215193,40.5,2020.0,0.9236337027139,2019.0,,,,Europe,Eastern Europe
Bulgaria,BGR,2021,0.796,70,84041493015.66185,6507301,12914.953990242937,39.0,2021.0,0.91211023587436,2019.0,,,,Europe,Eastern Europe
Bulgaria,BGR,2022,0.799,70,90346169914.93486,6465097,13974.44924877923,38.2,2022.0,0.9236337027139,2019.0,,,,Europe,Eastern Europe
Bahrain,BHR,1990,0.733,34,4809511004.960319,514797,9342.53891331985,,,,,72.5072439,13.4,6.1,Asia,Western Asia
Bahrain,BHR,2000,0.775,34,9062898936.170212,637582,14214.48368393432,,,,,74.5892439,13.2,8.3,Asia,Western Asia
Bahrain,BHR,2010,0.807,34,25713271276.595745,1228543,20929.891160989682,,,,,76.26485366,13.5,8.4,Asia,Western Asia
Bahrain,BHR,2015,0.859,34,31125851063.82979,1370322,22714.260636426905,,,,,,14.8,9.3,Asia,Western Asia
Bahrain,BHR,2019,0.888,34,38653318085.106384,1483756,26050.99361694671,,,,,,,,Asia,Western Asia
Bahrain,BHR,2020,0.884,34,34621807712.76596,1472204,23516.990656706515,,,,,,,,Asia,Western Asia
Bahrain,BHR,2021,0.884,34,39288670212.76596,1504365,26116.447944990716,,,,,,,,Asia,Western Asia
Bahrain,BHR,2022,0.888,34,44383297872.34042,1524693,29109.66199250631,,,,,,,,Asia,Western Asia
Bahamas,BHS,1990,0.76,57,3166000000.0,275945,11473.300838935294,,,,,70.63065854,12.1,,Americas,Latin America and the Caribbean
Bahamas,BHS,2000,0.788,57,8076470000.0,323835,24940.077508607777,,,,,72.25429268,12.1,10.9,Americas,Latin America and the Caribbean
Bahamas,BHS,2010,0.8,57,10095760000.0,367478,27473.100430501963,,,,,74.59239024,12.6,10.9,Americas,Latin America and the Caribbean
Bahamas,BHS,2015,0.807,57,11671900000.0,385346,30289.402251483083,,,,,,12.8,11.1,Americas,Latin America and the Caribbean
Bahamas,BHS,2019,0.802,57,13016200000.0,394675,32979.540127953376,,,,,,,,Americas,Latin America and the Caribbean
Bahamas,BHS,2020,0.798,57,9958200000.0,395863,25155.672543278863,,,,,,,,Americas,Latin America and the Caribbean
Bahamas,BHS,2021,0.799,57,11368900000.0,396373,28682.327000073165,,,,,,,,Americas,Latin America and the Caribbean
Bahamas,BHS,2022,0.82,57,13136400000.0,397538,33044.38820942904,,,,,,,,Americas,Latin America and the Caribbean
Bosnia and Herzegovina,BIH,2000,0.656,80,5567772768.811885,4159771,1338.4805963626086,30.0,2001.0,0.3112389865508,2001.0,74.66917073,11.6,7.0,Europe,Southern Europe
Bosnia and Herzegovina,BIH,2010,0.718,80,17176315803.729836,3811472,4506.478285483885,33.0,2011.0,0.0749787576838485,2011.0,75.80668293,13.4,7.1,Europe,Southern Europe
Bosnia and Herzegovina,BIH,2015,0.757,80,16404348871.443705,3518541,4662.258837240693,33.0,2011.0,0.0589865051758165,2011.0,,14.2,9.0,Europe,Southern Europe
Bosnia and Herzegovina,BIH,2019,0.78,80,20482608755.37896,3345533,6122.3753450881995,,,,,,,,Europe,Southern Europe
Bosnia and Herzegovina,BIH,2020,0.776,80,20226036564.412888,3299349,6130.31133245161,,,,,,,,Europe,Southern Europe
Bosnia and Herzegovina,BIH,2021,0.776,80,23672712242.214893,3244907,7295.343824095697,,,,,,,,Europe,Southern Europe
Bosnia and Herzegovina,BIH,2022,0.779,80,24534663636.17784,3204802,7655.5942102438285,,,,,,,,Europe,Southern Europe
Belarus,BLR,2000,0.708,69,12736780455.15395,9979610,1276.2803812126876,31.2,2000.0,7.331884927074631,2000.0,68.91219512,13.3,8.9,Europe,Eastern Europe
Belarus,BLR,2010,0.79,69,57231904542.87547,9483836,6034.67885177216,28.6,2010.0,0.033942716072973,2010.0,70.40487805,15.5,12.0,Europe,Eastern Europe
Belarus,BLR,2015,0.809,69,56454889146.60878,9461076,5967.068560342268,25.6,2015.0,0.0,2015.0,,15.5,12.2,Europe,Eastern Europe
Belarus,BLR,2019,0.81,69,64410122847.3508,9419758,6837.768321367789,25.3,2019.0,0.0,2019.0,,,,Europe,Eastern Europe
Belarus,BLR,2020,0.8,69,61371755326.2351,9379952,6542.864539843605,24.4,2020.0,0.0,2020.0,,,,Europe,Eastern Europe
Belarus,BLR,2021,0.801,69,69673747131.86996,9302585,7489.718947138883,24.4,2020.0,0.0,2020.0,,,,Europe,Eastern Europe
Belarus,BLR,2022,0.801,69,73775179924.60303,9228071,7994.648060748886,24.4,2020.0,0.0,2020.0,,,,Europe,Eastern Europe
Belize,BLZ,1990,0.609,118,545686365.523175,183076,2980.654840193007,60.2,1993.0,10.06149874724774,1993.0,71.1812439,10.8,8.22,Americas,Latin America and the Caribbean
Belize,BLZ,2000,0.657,118,1134756760.6207051,240799,4712.464589224644,53.2,1999.0,18.01328395129217,1999.0,70.53904878,11.8,10.1,Americas,Latin America and the Caribbean
Belize,BLZ,2010,0.72,118,1739070295.44027,320245,5430.436994926603,,,,,73.2704878,12.4,10.5,Americas,Latin America and the Caribbean
Belize,BLZ,2015,0.714,118,2194709309.242045,356333,6159.152560223288,39.9,2018.0,,,,12.8,10.5,Americas,Latin America and the Caribbean
Belize,BLZ,2019,0.718,118,2386792476.106365,385829,6186.14068954476,39.9,2018.0,,,,,,Americas,Latin America and the Caribbean
Belize,BLZ,2020,0.705,118,2047727810.06777,390812,5239.674856626127,39.9,2018.0,,,,,,Americas,Latin America and the Caribbean
Belize,BLZ,2021,0.698,118,2424575179.378305,395346,6132.792994941911,39.9,2018.0,,,,,,Americas,Latin America and the Caribbean
Belize,BLZ,2022,0.7,118,2830507575.6840954,402733,7028.248431799965,39.9,2018.0,,,,,,Americas,Latin America and the Caribbean
Bolivia (Plurinational State of),BOL,1990,0.546,120,4867582597.52327,7130142,682.6768102968033,42.0,1990.0,,,58.77858537,11.3,6.41,Americas,Latin America and the Caribbean
Bolivia (Plurinational State of),BOL,2000,0.625,120,8397855484.769085,8606326,975.7770603587506,61.6,2000.0,24.24742363348823,2000.0,62.95460976,13.7,7.4,Americas,Latin America and the Caribbean
Bolivia (Plurinational State of),BOL,2010,0.661,120,19649723722.103382,10182345,1929.7837307715838,46.1,2011.0,5.29890479218556,2011.0,66.31970732,13.8,7.8,Americas,Latin America and the Caribbean
Bolivia (Plurinational State of),BOL,2015,0.688,120,33000198248.914616,11014705,2996.0128981134417,46.7,2015.0,4.62996445977152,2015.0,,13.8,8.7,Americas,Latin America and the Caribbean
Bolivia (Plurinational State of),BOL,2019,0.715,120,40895322850.94067,11671386,3503.8960112312852,41.6,2019.0,1.92053519825104,2019.0,,,,Americas,Latin America and the Caribbean
Bolivia (Plurinational State of),BOL,2020,0.691,120,36629843806.07815,11816299,3099.942190535137,43.6,2020.0,4.40718469227936,2020.0,,,,Americas,Latin America and the Caribbean
Bolivia (Plurinational State of),BOL,2021,0.691,120,40406111693.198265,11937360,3384.844864626539,40.9,2021.0,3.11596278658541,2020.0,,,,Americas,Latin America and the Caribbean
Bolivia (Plurinational State of),BOL,2022,0.698,120,44008282879.884224,12077154,3643.9282698460433,41.2,2022.0,4.40718469227936,2020.0,,,,Americas,Latin America and the Caribbean
Brazil,BRA,1990,0.62,89,384959818181.8167,149143223,2581.141874490782,60.5,1990.0,23.9928109227286,1990.0,66.515,12.2,4.04,Americas,Latin America and the Caribbean
Brazil,BRA,2000,0.668,89,655448231983.5271,174018282,3766.5481146603156,58.4,2001.0,13.042174557373407,2001.0,70.25739024,14.3,5.6,Americas,Latin America and the Caribbean
Brazil,BRA,2010,0.722,89,2208837745214.2334,193701929,11403.282128461578,52.9,2011.0,4.696337492643201,2011.0,73.07531707,14.0,6.9,Americas,Latin America and the Caribbean
Brazil,BRA,2015,0.752,89,1802212206904.6775,201675532,8936.19661756825,51.9,2015.0,3.87747282282964,2015.0,,15.4,7.6,Americas,Latin America and the Caribbean
Brazil,BRA,2019,0.764,89,1873288205186.4492,207455459,9029.83326742175,53.5,2019.0,5.38858086276837,2019.0,,,,Americas,Latin America and the Caribbean
Brazil,BRA,2020,0.758,89,1476107231194.106,208660842,7074.1937828186565,48.9,2020.0,1.72670979927661,2020.0,,,,Americas,Latin America and the Caribbean
Brazil,BRA,2021,0.756,89,1670647399034.6658,209550294,7972.5366504838485,52.9,2021.0,1.94955845692117,2020.0,,,,Americas,Latin America and the Caribbean
Brazil,BRA,2022,0.76,89,1951923942083.32,210306415,9281.333344412342,52.0,2022.0,1.72670979927661,2020.0,,,,Americas,Latin America and the Caribbean
Barbados,BRB,1990,0.728,62,2012131457.2664447,258582,7781.405733061252,,,,,70.87453659,12.8,8.08,Americas,Latin America and the Caribbean
Barbados,BRB,2000,0.76,62,3059500000.0,262063,11674.673647176442,,,,,73.0194878,14.0,9.0,Americas,Latin America and the Caribbean
Barbados,BRB,2010,0.792,62,4534772750.0,275243,16475.52435484281,,,,,74.80178049,15.5,9.4,Americas,Latin America and the Caribbean
Barbados,BRB,2015,0.798,62,4738650450.0,278990,16985.01899709667,34.1,2016.0,,,,15.3,10.5,Americas,Latin America and the Caribbean
Barbados,BRB,2019,0.806,62,5367139250.0,281207,19086.07982731582,34.1,2016.0,,,,,,Americas,Latin America and the Caribbean
Barbados,BRB,2020,0.803,62,4779756550.0,281698,16967.6623547203,34.1,2016.0,,,,,,Americas,Latin America and the Caribbean
Barbados,BRB,2021,0.803,62,4945276000.0,282147,17527.303143396883,34.1,2016.0,,,,,,Americas,Latin America and the Caribbean
Barbados,BRB,2022,0.809,62,5840673700.0,282318,20688.27952875835,,,,,,,,Americas,Latin America and the Caribbean
Brunei Darussalam,BRN,1990,0.779,55,3520487626.983895,255292,13790.042880246521,,,,,73.7164878,12.1,7.51,Asia,South-eastern Asia
Brunei Darussalam,BRN,2000,0.789,55,6001282104.08228,326424,18384.92912311068,,,,,76.03095122,13.4,8.3,Asia,South-eastern Asia
Brunei Darussalam,BRN,2010,0.825,55,13707280259.97628,392332,34937.961369391945,,,,,77.98865854,14.1,8.8,Asia,South-eastern Asia
Brunei Darussalam,BRN,2015,0.832,55,12930291487.95813,422212,30625.116026920434,,,,,,14.5,9.0,Asia,South-eastern Asia
Brunei Darussalam,BRN,2019,0.827,55,13469235364.703176,442680,30426.57306565279,,,,,,,,Asia,South-eastern Asia
Brunei Darussalam,BRN,2020,0.827,55,12005799653.983503,447404,26834.359223394298,,,,,,,,Asia,South-eastern Asia
Brunei Darussalam,BRN,2021,0.824,55,14006496617.445808,451721,31006.963628978527,,,,,,,,Asia,South-eastern Asia
Brunei Darussalam,BRN,2022,0.823,55,16681536466.7183,455370,36632.92809521554,,,,,,,,Asia,South-eastern Asia
Bhutan,BTN,2010,0.582,125,1673464261.2798216,701632,2385.1025342057114,38.8,2012.0,2.18433753935205,2012.0,67.00468293,11.5,2.3,Asia,Southern Asia
Bhutan,BTN,2015,0.625,125,2154921010.655577,740618,2909.625489328611,37.4,2017.0,0.9457623986807,2017.0,,12.2,3.1,Asia,Southern Asia
Bhutan,BTN,2019,0.668,125,2735683408.576508,764824,3576.8796593418983,37.4,2017.0,1.54260800166799,2017.0,,,,Asia,Southern Asia
Bhutan,BTN,2020,0.675,125,2457604042.409587,770006,3191.6686914252446,28.5,2022.0,1.54260800166799,2017.0,,,,Asia,Southern Asia
Bhutan,BTN,2021,0.677,125,2768802803.1814117,775442,3570.6123774330144,28.5,2022.0,1.54260800166799,2017.0,,,,Asia,Southern Asia
Bhutan,BTN,2022,0.681,125,2898227713.223154,780914,3711.327640717357,28.5,2022.0,1.54260800166799,2017.0,,,,Asia,Southern Asia
Botswana,BWA,1990,0.587,114,3790636324.447746,1305696,2903.153815626107,60.1,1993.0,33.279711914062496,1993.0,62.9355122,10.0,5.52,Africa,Sub-Saharan Africa
Botswana,BWA,2000,0.581,114,5788329609.157553,1677382,3450.811806229918,61.5,2002.0,29.13940672770028,2002.0,50.48963415,11.8,7.6,Africa,Sub-Saharan Africa
Botswana,BWA,2010,0.652,114,12637273429.133932,2033111,6215.732160779186,56.9,2009.0,17.24403363141316,2009.0,46.44029268,12.4,8.9,Africa,Sub-Saharan Africa
Botswana,BWA,2015,0.688,114,13530748844.50496,2203273,6141.203947266163,54.9,2015.0,14.49206030832794,2015.0,,12.6,9.2,Africa,Sub-Saharan Africa
Botswana,BWA,2019,0.703,114,16725908148.548136,2332083,7172.089564800282,54.9,2015.0,14.49206030832794,2015.0,,,,Africa,Sub-Saharan Africa
Botswana,BWA,2020,0.701,114,14960291105.931597,2365894,6323.314191562089,54.9,2015.0,14.49206030832794,2015.0,,,,Africa,Sub-Saharan Africa
Botswana,BWA,2021,0.68,114,18750946600.142254,2401441,7808.206239562935,,,,,,,,Africa,Sub-Saharan Africa
Botswana,BWA,2022,0.708,114,20321958850.03632,2439892,8329.040322291445,,,,,,,,Africa,Sub-Saharan Africa
Central African Republic,CAF,1990,0.333,191,1440711459.1696668,2871910,501.65620063639415,59.7,1992.0,84.1303994130619,1992.0,46.04782927,5.2,2.06,Africa,Sub-Saharan Africa
Central African Republic,CAF,2000,0.319,191,916777282.6916586,3833416,239.1541337260706,,,,,43.69231707,5.3,2.9,Africa,Sub-Saharan Africa
Central African Republic,CAF,2010,0.357,191,2142591540.4006848,4492995,476.8737869507277,56.2,2008.0,65.92623586046983,2008.0,48.09873171,6.8,3.6,Africa,Sub-Saharan Africa
Central African Republic,CAF,2015,0.367,191,1695825714.1928203,4629320,366.32285393812055,,,,,,7.1,4.2,Africa,Sub-Saharan Africa
Central African Republic,CAF,2019,0.391,191,2221301351.439182,4944703,449.2284676024388,43.0,2021.0,,,,,,Africa,Sub-Saharan Africa
Central African Republic,CAF,2020,0.389,191,2326720900.380474,5026628,462.87907129401145,43.0,2021.0,,,,,,Africa,Sub-Saharan Africa
Central African Republic,CAF,2021,0.387,191,2516498412.463837,5112100,492.26314283050743,43.0,2021.0,,,,,,Africa,Sub-Saharan Africa
Central African Republic,CAF,2022,0.387,191,2382618615.016939,5098039,467.35982502623835,43.0,2021.0,,,,,,Africa,Sub-Saharan Africa
Canada,CAN,1990,0.861,18,596075591360.9873,27691138,21525.86113871475,31.4,1990.0,0.21757377323914,1991.0,77.37707317,16.7,10.28,Americas,Northern America
Canada,CAN,2000,0.89,18,744773415931.587,30685730,24271.002056382138,33.4,2000.0,0.24981048124975,2000.0,79.23658537,15.8,11.0,Americas,Northern America
Canada,CAN,2010,0.911,18,1617343367486.2583,34005902,47560.666600940574,33.6,2010.0,0.24883100418888,2010.0,80.8934878,15.9,12.6,Americas,Northern America
Canada,CAN,2015,0.927,18,1556508816217.14,35704498,43594.194104539434,33.7,2015.0,0.24590448973404,2015.0,,16.3,13.1,Americas,Northern America
Canada,CAN,2019,0.932,18,1743725183672.5212,37618495,46352.869344521125,31.7,2019.0,0.2470106469802399,2017.0,,,,Americas,Northern America
Canada,CAN,2020,0.928,18,1655684730000.1936,38028638,43537.839298903986,29.9,2020.0,0.2470106469802399,2017.0,,,,Americas,Northern America
Canada,CAN,2021,0.934,18,2007472181464.152,38239864,52496.84416932424,29.9,2020.0,0.2470106469802399,2017.0,,,,Americas,Northern America
Canada,CAN,2022,0.935,18,2161483369422.0144,38935934,55513.84408608291,29.9,2020.0,0.2470106469802399,2017.0,,,,Americas,Northern America
Switzerland,CHE,1990,0.85,1,265763573999.42413,6715519,39574.539808378795,33.9,1992.0,0.49456294173576,1992.0,77.24243902,13.4,10.19,Europe,Western Europe
Switzerland,CHE,2000,0.885,1,279216033870.2037,7184250,38865.02193968802,33.4,2000.0,0.0,2000.0,79.6804878,15.2,11.4,Europe,Western Europe
Switzerland,CHE,2010,0.94,1,598851028906.5803,7824909,76531.37294076907,32.6,2010.0,0.0486702061820307,2010.0,82.24634146,15.6,13.3,Europe,Western Europe
Switzerland,CHE,2015,0.952,1,694118186379.6278,8282396,83806.44760038373,32.3,2015.0,0.0305425562759104,2015.0,,16.2,13.4,Europe,Western Europe
Switzerland,CHE,2019,0.96,1,721369112726.7239,8575280,84121.93103044144,34.0,2019.0,0.0305039809592566,2018.0,,,,Europe,Western Europe
Switzerland,CHE,2020,0.957,1,741999406005.6272,8638167,85897.7843338323,33.7,2020.0,0.0305039809592566,2018.0,,,,Europe,Western Europe
Switzerland,CHE,2021,0.965,1,813408787222.4987,8704546,93446.4344518943,33.8,2021.0,0.0305039809592566,2018.0,,,,Europe,Western Europe
Switzerland,CHE,2022,0.967,1,818426550206.4498,8777088,93245.79521208513,33.8,2021.0,0.0305039809592566,2018.0,,,,Europe,Western Europe
Chile,CHL,1990,0.705,44,33137824762.017254,13437176,2466.130142376438,57.2,1990.0,10.66800777994586,1990.0,73.54514634,12.9,8.02,Americas,Latin America and the Caribbean
Chile,CHL,2000,0.763,44,78339750721.73518,15503635,5052.992457687193,52.8,2000.0,4.28205255045809,2000.0,76.75856098,13.7,8.8,Americas,Latin America and the Caribbean
Chile,CHL,2010,0.813,44,217051209240.29752,17181464,12632.87047252187,47.4,2009.0,1.2897891080152,2009.0,79.05046341,15.2,9.8,Americas,Latin America and the Caribbean
Chile,CHL,2015,0.846,44,242450355827.82703,18047625,13433.920298533852,45.3,2015.0,0.4314342798609399,2015.0,,16.3,10.3,Americas,Latin America and the Caribbean
Chile,CHL,2019,0.859,44,278285058719.4661,19197744,14495.716721686993,47.0,2020.0,0.74950309698656,2020.0,,,,Americas,Latin America and the Caribbean
Chile,CHL,2020,0.849,44,254042159309.31052,19370624,13114.815470545012,47.0,2020.0,0.74950309698656,2020.0,,,,Americas,Latin America and the Caribbean
Chile,CHL,2021,0.856,44,315515014838.5395,19456334,16216.570646789858,47.0,2020.0,0.74950309698656,2020.0,,,,Americas,Latin America and the Caribbean
Chile,CHL,2022,0.86,44,302116539409.02985,19553036,15451.131957667845,43.0,2022.0,0.74950309698656,2020.0,,,,Americas,Latin America and the Caribbean
China,CHN,1990,0.482,75,360857912565.9656,1135185000,317.88467304092774,32.2,1990.0,66.26837381306731,1990.0,69.47156098,8.8,5.34,Asia,Eastern Asia
China,CHN,2000,0.586,75,1211331651866.086,1262645000,959.3604313691385,38.7,1999.0,45.96584191644169,1999.0,72.14073171,9.6,6.5,Asia,Eastern Asia
China,CHN,2010,0.698,75,6087191746679.489,1337705000,4550.473943567146,43.7,2010.0,11.2054075699264,2010.0,74.88502439,12.9,7.3,Asia,Eastern Asia
China,CHN,2015,0.741,75,11061572618578.691,1379860000,8016.445594899984,38.6,2015.0,1.1696801269531198,2015.0,,13.8,7.7,Asia,Eastern Asia
China,CHN,2019,0.775,75,14279968506271.729,1407745000,10143.860220616467,38.2,2019.0,0.088953932582509,2019.0,,,,Asia,Eastern Asia
China,CHN,2020,0.781,75,14687744162801.031,1411100000,10408.719554107456,37.1,2020.0,0.14242858705388,2019.0,,,,Asia,Eastern Asia
China,CHN,2021,0.785,75,17820459508852.184,1412360000,12617.50510411806,35.7,2021.0,0.088953932582509,2019.0,,,,Asia,Eastern Asia
China,CHN,2022,0.788,75,17881783387000.867,1412175000,12662.583169225392,35.7,2021.0,0.14242858705388,2019.0,,,,Asia,Eastern Asia
Côte d'Ivoire,CIV,1990,0.425,166,10795850582.778996,12189778,885.6478422149276,36.9,1988.0,13.44997168348043,1988.0,52.60892683,5.9,2.04,Africa,Sub-Saharan Africa
Côte d'Ivoire,CIV,2000,0.454,166,16577533891.878548,17699004,936.6365413487983,39.0,1998.0,27.043628944112207,1998.0,46.45390244,6.8,3.3,Africa,Sub-Saharan Africa
Côte d'Ivoire,CIV,2010,0.47,166,34936307980.063034,22488065,1553.5488704814325,43.2,2008.0,30.43707477799116,2008.0,49.67529268,8.5,4.2,Africa,Sub-Saharan Africa
Côte d'Ivoire,CIV,2015,0.501,166,45815005169.26511,25246342,1814.7185508801674,41.5,2015.0,33.447137980445376,2015.0,,8.8,5.0,Africa,Sub-Saharan Africa
Côte d'Ivoire,CIV,2019,0.529,166,60382894697.35568,28193009,2141.7683617011467,37.2,2018.0,11.44848100448622,2018.0,,,,Africa,Sub-Saharan Africa
Côte d'Ivoire,CIV,2020,0.53,166,63027852805.42045,28915449,2179.7293483293465,35.3,2021.0,11.44848100448622,2018.0,,,,Africa,Sub-Saharan Africa
Côte d'Ivoire,CIV,2021,0.53,166,72794636653.77934,29639736,2455.9812764114818,35.3,2021.0,9.1845918580895,2018.0,,,,Africa,Sub-Saharan Africa
Côte d'Ivoire,CIV,2022,0.534,166,70173140101.43147,30395002,2308.7065466036643,35.3,2021.0,9.1845918580895,2018.0,,,,Africa,Sub-Saharan Africa
Cameroon,CMR,1990,0.44,151,12314482627.84536,11331821,1086.7170093708116,,,,,53.59126829,8.0,3.47,Africa,Sub-Saharan Africa
Cameroon,CMR,2000,0.426,151,10566579294.51588,14912631,708.5657315946381,42.1,2001.0,26.01385947750779,2001.0,51.93587805,7.1,4.8,Africa,Sub-Saharan Africa
Cameroon,CMR,2010,0.515,151,27507501808.637745,19668066,1398.5870196204214,42.8,2007.0,31.4231301542042,2007.0,53.69482927,10.5,5.3,Africa,Sub-Saharan Africa
Cameroon,CMR,2015,0.562,151,32210233021.404896,22763414,1415.0000971473303,46.6,2014.0,25.97455470626673,2014.0,,12.2,6.1,Africa,Sub-Saharan Africa
Cameroon,CMR,2019,0.586,151,39667757527.65778,25506095,1555.2266047647743,42.2,2021.0,25.97455470626673,2014.0,,,,Africa,Sub-Saharan Africa
Cameroon,CMR,2020,0.585,151,40773241177.05051,26210558,1555.6037066074864,42.2,2021.0,,,,,,Africa,Sub-Saharan Africa
Cameroon,CMR,2021,0.581,151,44993521774.06597,26915758,1671.6423804251017,42.2,2021.0,,,,,,Africa,Sub-Saharan Africa
Cameroon,CMR,2022,0.587,151,43644068310.85101,27632771,1579.431476881237,42.2,2021.0,,,,,,Africa,Sub-Saharan Africa
Congo (Democratic Republic of the),COD,1990,0.377,180,,36684063,,,,,,47.43878049,6.8,2.25,Africa,Sub-Saharan Africa
Congo (Democratic Republic of the),COD,2000,0.376,180,19088046305.7971,50507442,377.9254214813948,41.6,2004.0,94.27898258786624,2004.0,46.35573171,7.0,3.3,Africa,Sub-Saharan Africa
Congo (Democratic Republic of the),COD,2010,0.424,180,21565721044.846207,68563038,314.5385862984398,42.1,2012.0,77.15222367980189,2012.0,48.98768293,8.8,5.4,Africa,Sub-Saharan Africa
Congo (Democratic Republic of the),COD,2015,0.457,180,37917706497.17928,81035531,467.9145805459001,42.1,2012.0,77.15222367980189,2012.0,,9.6,6.4,Africa,Sub-Saharan Africa
Congo (Democratic Republic of the),COD,2019,0.476,180,51775829877.20882,92947442,557.0441613359174,44.7,2020.0,,,,,,Africa,Sub-Saharan Africa
Congo (Democratic Republic of the),COD,2020,0.477,180,48716961860.13249,95989998,507.5212300778722,44.7,2020.0,,,,,,Africa,Sub-Saharan Africa
Congo (Democratic Republic of the),COD,2021,0.475,180,55328482783.53935,99148932,558.0340772963581,44.7,2020.0,,,,,,Africa,Sub-Saharan Africa
Congo (Democratic Republic of the),COD,2022,0.481,180,65801547619.59741,102396968,642.6122658201892,44.7,2020.0,,,,,,Africa,Sub-Saharan Africa
Congo,COG,1990,0.541,149,2798746050.1135387,2380560,1175.6670909842805,,,,,55.17768293,11.2,4.39,Africa,Sub-Saharan Africa
Congo,COG,2000,0.509,149,3227927697.579212,3151345,1024.3015910918075,47.3,2005.0,55.09105487989038,2005.0,52.30192683,9.7,5.5,Africa,Sub-Saharan Africa
Congo,COG,2010,0.581,149,13148396211.595518,4462290,2946.557980677078,48.9,2011.0,35.3574541559435,2011.0,57.20402439,10.7,6.1,Africa,Sub-Saharan Africa
Congo,COG,2015,0.61,149,12434793867.722769,5097581,2439.3518941087486,48.9,2011.0,39.56788294937268,2011.0,,11.2,6.3,Africa,Sub-Saharan Africa
Congo,COG,2019,0.596,149,13976637328.847437,5616661,2488.424586929394,,,,,,,,Africa,Sub-Saharan Africa
Congo,COG,2020,0.598,149,11468688140.722488,5752791,1993.5867895639678,,,,,,,,Africa,Sub-Saharan Africa
Congo,COG,2021,0.598,149,14825690210.030796,5892183,2516.1625513041254,,,,,,,,Africa,Sub-Saharan Africa
Congo,COG,2022,0.593,149,15817030156.945892,6035104,2620.8380430471275,,,,,,,,Africa,Sub-Saharan Africa
Colombia,COL,1990,0.614,91,47844090709.990845,32440069,1474.8455285341977,52.8,1989.0,8.95466725480636,1992.0,68.29719512,9.1,5.46,Americas,Latin America and the Caribbean
Colombia,COL,2000,0.672,91,99875074951.0278,39089934,2555.00751039968,58.4,2000.0,16.7530099322158,2000.0,70.98721951,11.4,6.5,Americas,Latin America and the Caribbean
Colombia,COL,2010,0.732,91,286498534094.9628,44777319,6398.295844710195,54.6,2010.0,8.28438856310842,2010.0,73.36768293,14.3,7.4,Americas,Latin America and the Caribbean
Colombia,COL,2015,0.758,91,293492370193.1657,46969940,6248.514905345114,51.0,2015.0,4.92547596285245,2015.0,,14.4,8.1,Americas,Latin America and the Caribbean
Colombia,COL,2019,0.768,91,323031701192.84,49907985,6472.54544924705,51.3,2019.0,5.28473754803056,2019.0,,,,Americas,Latin America and the Caribbean
Colombia,COL,2020,0.756,91,270348342541.46512,50629997,5339.687113579428,53.5,2020.0,10.31591638082436,2020.0,,,,Americas,Latin America and the Caribbean
Colombia,COL,2021,0.752,91,318524633225.39514,51188173,6222.621643976142,55.1,2021.0,10.82104218424236,2020.0,,,,Americas,Latin America and the Caribbean
Colombia,COL,2022,0.758,91,345329875078.5117,51737944,6674.596019480629,54.8,2022.0,10.31591638082436,2020.0,,,,Americas,Latin America and the Caribbean
Comoros,COM,2000,0.458,152,351136579.6486322,536080,655.007796688241,55.9,2004.0,14.98353302053128,2004.0,57.87943902,8.5,,Africa,Sub-Saharan Africa
Comoros,COM,2010,0.524,152,907978730.8878444,654836,1386.5742428452993,45.3,2014.0,19.07085980848188,2014.0,60.20341463,10.6,4.2,Africa,Sub-Saharan Africa
Comoros,COM,2015,0.556,152,966029600.8622274,726682,1329.3704823598596,45.3,2014.0,19.07085980848188,2014.0,,11.2,4.8,Africa,Sub-Saharan Africa
Comoros,COM,2019,0.584,152,1195019531.9010963,786578,1519.2638643606817,45.3,2014.0,19.07085980848188,2014.0,,,,Africa,Sub-Saharan Africa
Comoros,COM,2020,0.588,152,1225039196.6109135,802163,1527.1699101191573,,,,,,,,Africa,Sub-Saharan Africa
Comoros,COM,2021,0.585,152,1296089479.9197786,818174,1584.1245015360773,,,,,,,,Africa,Sub-Saharan Africa
Comoros,COM,2022,0.586,152,1242519407.7760253,834188,1489.4956625796885,,,,,,,,Africa,Sub-Saharan Africa
Cabo Verde,CPV,2000,0.59,131,539227277.6264108,453317,1189.5147934589058,52.5,2001.0,16.57704589249331,2001.0,69.5912439,11.5,3.5,Africa,Sub-Saharan Africa
Cabo Verde,CPV,2010,0.649,131,1824751467.9295683,509784,3579.46006137809,47.2,2007.0,8.35877189961776,2007.0,73.85697561,12.3,5.1,Africa,Sub-Saharan Africa
Cabo Verde,CPV,2015,0.658,131,1749857620.3532877,512394,3415.062667309312,42.4,2015.0,3.35082289697001,2015.0,,12.6,5.9,Africa,Sub-Saharan Africa
Cabo Verde,CPV,2019,0.667,131,2252177124.324024,514104,4380.781173311284,42.4,2015.0,3.35082289697001,2015.0,,,,Africa,Sub-Saharan Africa
Cabo Verde,CPV,2020,0.649,131,1821565613.6861308,514679,3539.226612482986,42.4,2015.0,3.35082289697001,2015.0,,,,Africa,Sub-Saharan Africa
Cabo Verde,CPV,2021,0.65,131,2051842609.645578,516649,3971.4440744985045,,,,,,,,Africa,Sub-Saharan Africa
Cabo Verde,CPV,2022,0.661,131,2303738020.1514816,519741,4432.473135949409,,,,,,,,Africa,Sub-Saharan Africa
Costa Rica,CRI,1990,0.659,64,5711687786.759886,3121706,1829.6687089558998,45.2,1990.0,10.21536538112387,1990.0,75.72668293,9.8,6.72,Americas,Latin America and the Caribbean
Costa Rica,CRI,2000,0.709,64,15013629658.65213,3937739,3812.7538820252257,47.4,2000.0,6.92679380227729,2000.0,77.7344878,11.7,8.0,Americas,Latin America and the Caribbean
Costa Rica,CRI,2010,0.769,64,37658614803.848015,4555962,8265.787731295391,48.0,2010.0,1.46590129904337,2010.0,79.27970732,13.4,8.3,Americas,Latin America and the Caribbean
Costa Rica,CRI,2015,0.792,64,56441920821.08063,4818038,11714.710598189684,48.4,2015.0,1.57322685312318,2015.0,,15.1,8.8,Americas,Latin America and the Caribbean
Costa Rica,CRI,2019,0.811,64,64417670521.18424,4999553,12884.685995164817,48.2,2019.0,1.05713947907674,2019.0,,,,Americas,Latin America and the Caribbean
Costa Rica,CRI,2020,0.811,64,62395610760.39118,5034320,12394.04939701711,49.2,2020.0,2.06350854440484,2020.0,,,,Americas,Latin America and the Caribbean
Costa Rica,CRI,2021,0.804,64,64960725734.19655,5059988,12838.11853589308,48.7,2021.0,2.21568769578274,2020.0,,,,Americas,Latin America and the Caribbean
Costa Rica,CRI,2022,0.806,64,69243626028.59358,5081765,13625.900849132848,47.2,2022.0,2.06350854440484,2020.0,,,,Americas,Latin America and the Caribbean
Cuba,CUB,1990,0.684,85,28645436569.148937,10631799,2694.3169795769218,,,,,74.64429268,12.3,7.74,Americas,Latin America and the Caribbean
Cuba,CUB,2000,0.694,85,30565400000.0,11109109,2751.381771481403,,,,,76.66895122,12.3,9.6,Americas,Latin America and the Caribbean
Cuba,CUB,2010,0.779,85,59562962962.96296,11297409,5272.2675582483525,,,,,78.71778049,16.4,11.0,Americas,Latin America and the Caribbean
Cuba,CUB,2015,0.765,85,87132800000.0,11275065,7727.919972079983,,,,,,14.0,11.4,Americas,Latin America and the Caribbean
Cuba,CUB,2019,0.766,85,103427600000.0,11202846,9232.261159351829,,,,,,,,Americas,Latin America and the Caribbean
Cuba,CUB,2020,0.759,85,107351800000.0,11176354,9605.261250672625,,,,,,,,Americas,Latin America and the Caribbean
Cuba,CUB,2021,0.742,85,,11122168,,,,,,,,,Americas,Latin America and the Caribbean
Cuba,CUB,2022,0.764,85,,11059820,,,,,,,,,Americas,Latin America and the Caribbean
Cyprus,CYP,1990,0.733,29,5591130217.669654,788351,7092.1838339390115,,,,,76.51395122,9.2,8.7,Asia,Western Asia
Cyprus,CYP,2000,0.797,29,9985844486.333649,947667,10537.292621072222,30.1,2004.0,0.0940679469432631,2004.0,77.97165854,12.4,10.0,Asia,Western Asia
Cyprus,CYP,2010,0.859,29,25799940416.22122,1127816,22876.019152256413,31.5,2010.0,0.0221480051924611,2010.0,79.30982927,13.8,11.5,Asia,Western Asia
Cyprus,CYP,2015,0.874,29,19909269064.12042,1219502,16325.73711574103,34.0,2015.0,0.0,2015.0,,14.3,11.9,Asia,Western Asia
Cyprus,CYP,2019,0.901,29,25947020102.43321,1286671,20166.00988320496,31.2,2019.0,0.15383178586554,2019.0,,,,Asia,Western Asia
Cyprus,CYP,2020,0.9,29,25227189744.908283,1302247,19372.04673530312,31.7,2020.0,0.15383178586554,2019.0,,,,Asia,Western Asia
Cyprus,CYP,2021,0.901,29,29482912835.364185,1317309,22381.167087877016,31.3,2021.0,0.15383178586554,2019.0,,,,Asia,Western Asia
Cyprus,CYP,2022,0.907,29,29250532020.074577,1331370,21970.25020848793,31.5,2022.0,0.15383178586554,2019.0,,,,Asia,Western Asia
Czechia,CZE,1990,0.748,32,40728950704.617615,10333355,3941.5030940694105,20.7,1992.0,0.0,1992.0,71.38390244,11.9,10.88,Europe,Eastern Europe
Czechia,CZE,2000,0.81,32,61828166496.0941,10255063,6029.038192753579,26.6,2002.0,0.0,2002.0,74.96829268,13.9,10.6,Europe,Eastern Europe
Czechia,CZE,2010,0.872,32,209069940963.17725,10474410,19960.06848721572,26.6,2010.0,0.0361783335240369,2010.0,77.42439024,16.0,12.4,Europe,Eastern Europe
Czechia,CZE,2015,0.891,32,188033050459.8811,10546059,17829.69832236678,25.9,2015.0,0.0087645114380472,2015.0,,16.9,12.7,Europe,Eastern Europe
Czechia,CZE,2019,0.896,32,252548179964.8966,10671870,23664.847863110834,25.3,2019.0,0.0,2019.0,,,,Europe,Eastern Europe
Czechia,CZE,2020,0.891,32,245974558654.0429,10697858,22992.879383334766,26.2,2020.0,0.0,2019.0,,,,Europe,Eastern Europe
Czechia,CZE,2021,0.891,32,281791218507.0996,10505772,26822.514186211123,26.2,2021.0,0.0,2019.0,,,,Europe,Eastern Europe
Czechia,CZE,2022,0.895,32,290565654835.8094,10672118,27226.61563860233,25.9,2022.0,0.0,2019.0,,,,Europe,Eastern Europe
Germany,DEU,1990,0.828,7,1771671206875.681,79433029,22303.961326662753,29.5,1991.0,0.0,1991.0,75.17736585,14.4,8.77,Europe,Western Europe
Germany,DEU,2000,0.89,7,1947981991011.7688,82211508,23694.76048306727,28.9,2000.0,0.0,2000.0,77.92682927,16.2,11.2,Europe,Western Europe
Germany,DEU,2010,0.929,7,3399667820000.0063,81776930,41572.45594815074,30.2,2010.0,0.0,2010.0,79.98780488,16.8,13.8,Europe,Western Europe
Germany,DEU,2015,0.941,7,3357585719351.5605,81686611,41103.25643637683,31.7,2015.0,0.0,2015.0,,17.0,14.1,Europe,Western Europe
Germany,DEU,2019,0.951,7,3889177589254.896,83092962,46805.13843344393,31.8,2019.0,0.0,2018.0,,,,Europe,Western Europe
Germany,DEU,2020,0.948,7,3887727161914.408,83160871,46749.47622800161,32.4,2020.0,0.0,2018.0,,,,Europe,Western Europe
Germany,DEU,2021,0.948,7,4278503934689.8535,83196078,51426.750365442145,32.4,2020.0,0.0,2018.0,,,,Europe,Western Europe
Germany,DEU,2022,0.95,7,4082469490797.681,83177813,49081.23144326578,32.4,2020.0,0.0,2018.0,,,,Europe,Western Europe
Djibouti,DJI,2000,0.33,171,551230861.8565054,747318,737.6121836440517,40.0,2002.0,20.19600124812031,2002.0,57.01034146,2.9,3.2,Africa,Sub-Saharan Africa
Djibouti,DJI,2010,0.422,171,1128611700.361803,930251,1213.2335255342946,45.1,2012.0,19.69190516562961,2012.0,60.29119512,5.9,4.0,Africa,Sub-Saharan Africa
Djibouti,DJI,2015,0.473,171,2424391785.4389744,1020313,2376.1255471987265,44.1,2013.0,22.31681002761941,2013.0,,6.2,4.1,Africa,Sub-Saharan Africa
Djibouti,DJI,2019,0.508,171,3088853638.568318,1088709,2837.171033369172,41.6,2017.0,17.00699172773848,2017.0,,,,Africa,Sub-Saharan Africa
Djibouti,DJI,2020,0.512,171,3185150981.032067,1105188,2881.9992445014486,41.6,2017.0,17.00699172773848,2017.0,,,,Africa,Sub-Saharan Africa
Djibouti,DJI,2021,0.512,171,3385825228.8699703,1121248,3019.693438802094,41.6,2017.0,17.00699172773848,2017.0,,,,Africa,Sub-Saharan Africa
Djibouti,DJI,2022,0.515,171,3674298479.076755,1137096,3231.300153264768,41.6,2017.0,17.00699172773848,2017.0,,,,Africa,Sub-Saharan Africa
Dominica,DMA,2000,0.721,97,333470370.3703703,68511,4867.398963237587,,,,,,12.1,7.8,Americas,Latin America and the Caribbean
Dominica,DMA,2010,0.735,97,493825925.9259259,68859,7171.552388590103,,,,,,12.7,7.8,Americas,Latin America and the Caribbean
Dominica,DMA,2015,0.719,97,540737037.037037,70410,7679.832936188567,,,,,,12.8,7.9,Americas,Latin America and the Caribbean
Dominica,DMA,2019,0.745,97,611537037.037037,67880,9009.090115454288,,,,,,,,Americas,Latin America and the Caribbean
Dominica,DMA,2020,0.738,97,504214814.8148148,67573,7461.77933220095,,,,,,,,Americas,Latin America and the Caribbean
Dominica,DMA,2021,0.737,97,555266666.6666666,67202,8262.650913167266,,,,,,,,Americas,Latin America and the Caribbean
Dominica,DMA,2022,0.74,97,607159259.2592592,66826,9085.674127723629,,,,,,,,Americas,Latin America and the Caribbean
Denmark,DNK,1990,0.839,5,138247285815.85495,5140939,26891.44644895708,24.7,1992.0,0.49395200675261,1992.0,74.80536585,14.1,8.96,Europe,Northern Europe
Denmark,DNK,2000,0.89,5,164158739097.62344,5339616,30743.547681635428,23.8,2000.0,0.0,2000.0,76.59268293,16.2,10.7,Europe,Northern Europe
Denmark,DNK,2010,0.913,5,321995279401.5016,5547683,58041.39843633848,27.2,2010.0,0.0572940086076084,2010.0,79.1,16.9,12.7,Europe,Northern Europe
Denmark,DNK,2015,0.936,5,302673070846.85724,5683483,53254.856370091584,28.2,2015.0,0.17542585875317,2015.0,,19.2,12.5,Europe,Northern Europe
Denmark,DNK,2019,0.946,5,346498737961.6352,5814422,59592.98068864544,27.7,2019.0,0.25140717907057,2019.0,,,,Europe,Northern Europe
Denmark,DNK,2020,0.946,5,354762748338.6615,5831404,60836.59241216378,27.5,2020.0,0.25140717907057,2019.0,,,,Europe,Northern Europe
Denmark,DNK,2021,0.947,5,405687998852.6912,5856733,69268.65179831337,28.3,2021.0,0.25140717907057,2019.0,,,,Europe,Northern Europe
Denmark,DNK,2022,0.952,5,400167196948.7074,5903037,67790.05399232758,29.3,2022.0,0.25140717907057,2019.0,,,,Europe,Northern Europe
Dominican Republic,DOM,1990,0.579,82,7073675544.790213,7151166,989.1639412076594,50.4,1989.0,14.0940966796875,1989.0,67.95041463,11.5,5.14,Americas,Latin America and the Caribbean
Dominican Republic,DOM,2000,0.646,82,24305780628.6677,8584190,2831.458836380334,51.5,2000.0,5.5473841510566,2000.0,70.63273171,12.3,6.4,Americas,Latin America and the Caribbean
Dominican Republic,DOM,2010,0.707,82,53860187257.959335,9820175,5484.64637931191,47.3,2010.0,3.8692138916051095,2010.0,72.79214634,13.0,7.3,Americas,Latin America and the Caribbean
Dominican Republic,DOM,2015,0.739,82,71164826836.5281,10434829,6819.932251551809,45.2,2015.0,2.53498694002828,2015.0,,13.8,7.8,Americas,Latin America and the Caribbean
Dominican Republic,DOM,2019,0.765,82,88941372558.23965,10894043,8164.220809321173,41.9,2019.0,0.83268661734842,2019.0,,,,Americas,Latin America and the Caribbean
Dominican Republic,DOM,2020,0.76,82,78844656298.17764,11008300,7162.291752421141,39.6,2020.0,0.76821580610328,2020.0,,,,Americas,Latin America and the Caribbean
Dominican Republic,DOM,2021,0.756,82,94243425938.36469,11123476,8472.479820009921,38.5,2021.0,1.05949487453213,2020.0,,,,Americas,Latin America and the Caribbean
Dominican Republic,DOM,2022,0.766,82,113537368176.1303,11230734,10109.523400352131,37.0,2022.0,0.76821580610328,2020.0,,,,Americas,Latin America and the Caribbean
Algeria,DZA,1990,0.593,93,62048507531.33572,25375810,2445.183327402582,37.4,1988.0,6.250912528243931,1988.0,66.75117073,9.6,3.38,Africa,Northern Africa
Algeria,DZA,2000,0.652,93,54790398570.328224,30903893,1772.928691227614,35.3,1995.0,5.62411132812499,1995.0,68.93019512,10.9,5.9,Africa,Northern Africa
Algeria,DZA,2010,0.721,93,177785053939.53052,36188236,4912.785855036717,27.6,2011.0,0.449365234375,2011.0,70.61660976,14.0,7.1,Africa,Northern Africa
Algeria,DZA,2015,0.736,93,187493855609.34464,40019529,4685.059027290017,27.6,2011.0,0.449365234375,2011.0,,14.3,7.9,Africa,Northern Africa
Algeria,DZA,2019,0.742,93,193459662090.6768,43294546,4468.4534188365615,,,,,,,,Africa,Northern Africa
Algeria,DZA,2020,0.73,93,164873415325.20148,44042091,3743.5419522928983,,,,,,,,Africa,Northern Africa
Algeria,DZA,2021,0.74,93,186265418570.69662,44761099,4161.323621001724,,,,,,,,Africa,Northern Africa
Algeria,DZA,2022,0.745,93,225560256621.7572,45477389,4959.833041904785,,,,,,,,Africa,Northern Africa
Ecuador,ECU,1990,0.645,83,15239272611.580948,10473673,1455.0074851087052,50.5,1987.0,17.319041201292602,1994.0,68.83907317,11.9,6.44,Americas,Latin America and the Caribbean
Ecuador,ECU,2000,0.684,83,17539454727.36368,12689206,1382.2342175990902,56.3,2000.0,28.43041763781863,2000.0,73.35685366,12.4,7.0,Americas,Latin America and the Caribbean
Ecuador,ECU,2010,0.736,83,68151329000.0,15076695,4520.30959039763,48.8,2010.0,5.67820225797956,2010.0,75.64770732,13.2,7.9,Americas,Latin America and the Caribbean
Ecuador,ECU,2015,0.764,83,97209558000.0,16266225,5976.159680565097,46.0,2015.0,3.45347450745994,2015.0,,14.3,8.4,Americas,Latin America and the Caribbean
Ecuador,ECU,2019,0.758,83,107595829000.0,17340021,6205.057594797608,45.7,2019.0,3.5835841686055603,2019.0,,,,Americas,Latin America and the Caribbean
Ecuador,ECU,2020,0.734,83,95865472000.0,17546065,5463.6450964931455,47.3,2020.0,6.51924512161938,2020.0,,,,Americas,Latin America and the Caribbean
Ecuador,ECU,2021,0.746,83,107435101000.0,17682454,6075.802657255605,45.8,2021.0,6.51924512161938,2020.0,,,,Americas,Latin America and the Caribbean
Ecuador,ECU,2022,0.765,83,116586079000.0,17823897,6540.998245221009,45.5,2022.0,6.51924512161938,2020.0,,,,Americas,Latin America and the Caribbean
Egypt,EGY,1990,0.567,105,42978914311.35038,58396618,735.9829350280247,32.0,1990.0,8.650849609375,1990.0,64.54907317,9.8,3.51,Africa,Northern Africa
Egypt,EGY,2000,0.629,105,99838543960.07632,73083284,1366.0927437261348,30.8,1999.0,1.38301635742187,1999.0,68.5912439,11.1,4.8,Africa,Northern Africa
Egypt,EGY,2010,0.667,105,218983666061.706,89196072,2455.0819464528213,30.2,2010.0,1.03731411384354,2010.0,70.45082927,12.0,6.5,Africa,Northern Africa
Egypt,EGY,2015,0.695,105,329366576819.407,99597342,3306.9815941414076,31.8,2015.0,0.90603014380392,2015.0,,13.1,7.1,Africa,Northern Africa
Egypt,EGY,2019,0.724,105,318678815489.74945,107553158,2962.9889202300265,31.9,2019.0,2.50485100413473,2017.0,,,,Africa,Northern Africa
Egypt,EGY,2020,0.729,105,383817841547.0992,109315124,3511.1138102637947,28.5,2021.0,2.50485100413473,2017.0,,,,Africa,Northern Africa
Egypt,EGY,2021,0.726,105,424671765455.7043,110957008,3827.354153743081,28.5,2021.0,3.80596479514805,2017.0,,,,Africa,Northern Africa
Egypt,EGY,2022,0.728,105,476747720364.7416,112618250,4233.307837448562,28.5,2021.0,3.80596479514805,2017.0,,,,Africa,Northern Africa
Eritrea,ERI,2010,0.458,175,1589515447.1544716,2945186,539.6995120696864,,,,,61.18509756,5.4,3.9,Africa,Sub-Saharan Africa
Eritrea,ERI,2015,0.473,175,,3105546,,,,,,,5.4,3.9,Africa,Sub-Saharan Africa
Eritrea,ERI,2019,0.487,175,,3240194,,,,,,,,,Africa,Sub-Saharan Africa
Eritrea,ERI,2020,0.49,175,,3291271,,,,,,,,,Africa,Sub-Saharan Africa
Eritrea,ERI,2021,0.49,175,,3350183,,,,,,,,,Africa,Sub-Saharan Africa
Eritrea,ERI,2022,0.493,175,,3409447,,,,,,,,,Africa,Sub-Saharan Africa
Spain,ESP,1990,0.762,27,536558591250.4081,38867322,13804.876786993662,32.0,1990.0,0.49442650277715,1990.0,76.83756098,14.0,6.52,Europe,Southern Europe
Spain,ESP,2000,0.828,27,598363313494.9032,40567864,14749.687424876578,34.1,2000.0,0.4873815547951999,2000.0,78.96585366,15.7,8.4,Europe,Southern Europe
Spain,ESP,2010,0.868,27,1422108199783.3362,46576897,30532.480508165587,35.2,2010.0,0.68266638065457,2010.0,81.62682927,16.8,9.4,Europe,Southern Europe
Spain,ESP,2015,0.889,27,1196156971279.6868,46422303,25766.859763068773,36.2,2015.0,0.94148347373804,2015.0,,17.8,9.7,Europe,Southern Europe
Spain,ESP,2019,0.904,27,1394320055129.4094,47118501,29591.77447367032,34.3,2019.0,0.7948609276126,2019.0,,,,Europe,Southern Europe
Spain,ESP,2020,0.894,27,1278128867875.49,47359424,26987.84655563991,34.9,2020.0,0.79381342452812,2019.0,,,,Europe,Southern Europe
Spain,ESP,2021,0.904,27,1445651653604.628,47443821,30470.80996289544,33.9,2021.0,0.7948609276126,2019.0,,,,Europe,Southern Europe
Spain,ESP,2022,0.911,27,1417800466262.6514,47786102,29669.72418597046,33.6,2022.0,0.79381342452812,2019.0,,,,Europe,Southern Europe
Estonia,EST,1990,0.741,31,,1569174,,39.4,1993.0,1.16333374023437,1993.0,69.47560976,13.1,9.31,Europe,Northern Europe
Estonia,EST,2000,0.798,31,5686579747.535244,1396985,4070.6090241020797,35.8,2000.0,1.28658427985419,2000.0,70.41707317,15.0,11.7,Europe,Northern Europe
Estonia,EST,2010,0.864,31,19523477325.623463,1331475,14663.044612646472,32.0,2010.0,0.7070292213782999,2010.0,75.42926829,16.4,12.5,Europe,Northern Europe
Estonia,EST,2015,0.883,31,22890762090.15077,1315407,17402.037612807875,32.7,2015.0,0.58683150580497,2015.0,,16.1,12.7,Europe,Northern Europe
Estonia,EST,2019,0.893,31,31290453293.545048,1326898,23581.656836881997,30.8,2019.0,0.4839925573209599,2019.0,,,,Europe,Northern Europe
Estonia,EST,2020,0.891,31,31330419851.148724,1329522,23565.175943796887,30.7,2020.0,0.55694033588504,2019.0,,,,Europe,Northern Europe
Estonia,EST,2021,0.89,31,36864792511.63506,1330932,27698.47934502669,31.8,2021.0,0.4839925573209599,2019.0,,,,Europe,Northern Europe
Estonia,EST,2022,0.899,31,37921480881.54295,1348840,28114.1431760201,32.3,2022.0,0.55694033588504,2019.0,,,,Europe,Northern Europe
Ethiopia,ETH,2000,0.286,176,8242349617.863803,67411494,122.26920260606897,30.0,1999.0,57.82763999368613,1999.0,52.24114634,4.3,1.5,Africa,Sub-Saharan Africa
Ethiopia,ETH,2010,0.409,176,29933790334.34179,90538514,330.6194127986438,33.2,2010.0,35.57337970325862,2010.0,61.46795122,8.2,2.3,Africa,Sub-Saharan Africa
Ethiopia,ETH,2015,0.455,176,64589328550.5953,103867135,621.8456738081328,35.0,2015.0,27.00761923778555,2015.0,,8.5,2.6,Africa,Sub-Saharan Africa
Ethiopia,ETH,2019,0.485,176,95912607722.3032,115737383,828.7089722972499,31.1,2021.0,30.799510054350137,2015.0,,,,Africa,Sub-Saharan Africa
Ethiopia,ETH,2020,0.489,176,107657734392.44585,118917671,905.3131758058552,31.1,2021.0,30.799510054350137,2015.0,,,,Africa,Sub-Saharan Africa
Ethiopia,ETH,2021,0.489,176,111261882958.4261,122138588,910.9478403207519,31.1,2021.0,,,,,,Africa,Sub-Saharan Africa
Ethiopia,ETH,2022,0.492,176,126772703047.70145,125384287,1011.0732858232982,31.1,2021.0,,,,,,Africa,Sub-Saharan Africa
Finland,FIN,1990,0.811,12,141438345513.91696,4986431,28364.64507659225,22.9,1991.0,0.0,1991.0,74.81317073,15.0,7.46,Europe,Northern Europe
Finland,FIN,2000,0.887,12,126019543413.3336,5176209,24345.91482170322,27.2,2000.0,0.0,2000.0,77.46585366,17.7,9.3,Europe,Northern Europe
Finland,FIN,2010,0.912,12,249424310816.66714,5363352,46505.30317918107,27.7,2010.0,0.0488550142255752,2010.0,79.87073171,16.9,12.3,Europe,Northern Europe
Finland,FIN,2015,0.93,12,234534382384.7655,5479531,42801.90811672851,27.1,2015.0,0.0702085104563517,2015.0,,17.6,12.4,Europe,Northern Europe
Finland,FIN,2019,0.939,12,268514916972.54855,5521606,48629.858228303245,27.7,2019.0,0.0388292295548243,2019.0,,,,Europe,Northern Europe
Finland,FIN,2020,0.939,12,271886077382.10196,5529543,49169.71933884988,27.1,2020.0,0.0388292295548243,2019.0,,,,Europe,Northern Europe
Finland,FIN,2021,0.941,12,296470417085.26654,5541017,53504.69364834407,27.7,2021.0,0.0388292295548243,2019.0,,,,Europe,Northern Europe
Finland,FIN,2022,0.942,12,281887430795.72095,5556106,50734.71074808885,27.9,2022.0,0.0388292295548243,2019.0,,,,Europe,Northern Europe
Fiji,FJI,1990,0.63,104,1337017559.4972816,773316,1728.9407687119904,,,,,65.57085366,12.1,8.37,Oceania,Melanesia
Fiji,FJI,2000,0.669,104,1678219507.898291,840909,1995.7207116326392,38.1,2002.0,2.26413581563086,2002.0,67.60585366,13.2,9.6,Oceania,Melanesia
Fiji,FJI,2010,0.699,104,3140166712.796239,910419,3449.1445288336895,40.4,2008.0,1.02714118949006,2008.0,69.38231707,15.0,9.6,Oceania,Melanesia
Fiji,FJI,2015,0.716,104,4682479893.975582,918578,5097.531068646955,36.7,2013.0,0.36355158446855,2013.0,,15.3,10.8,Oceania,Melanesia
Fiji,FJI,2019,0.73,104,5444407198.134784,914899,5950.828668667015,30.7,2019.0,1.8463588819847,2019.0,,,,Oceania,Melanesia
Fiji,FJI,2020,0.722,104,4432466219.876845,914963,4844.421271545238,30.7,2019.0,1.8463588819847,2019.0,,,,Oceania,Melanesia
Fiji,FJI,2021,0.715,104,4305031649.741891,916711,4696.171039446337,30.7,2019.0,1.8463588819847,2019.0,,,,Oceania,Melanesia
Fiji,FJI,2022,0.729,104,4979979531.272499,919422,5416.424156994828,30.7,2019.0,1.8463588819847,2019.0,,,,Oceania,Melanesia
France,FRA,1990,0.79,28,1269179616913.625,58261012,21784.37300254285,32.1,1990.0,0.98994570288492,1989.0,76.6,14.2,7.33,Europe,Western Europe
France,FRA,2000,0.844,28,1365639660792.1597,60918661,22417.427408526917,32.6,2000.0,0.0,2000.0,79.05609756,15.6,9.8,Europe,Western Europe
France,FRA,2010,0.88,28,2645187882116.672,65026211,40678.79461893715,33.7,2010.0,0.0873945695034578,2010.0,81.66341463,16.1,10.9,Europe,Western Europe
France,FRA,2015,0.893,28,2439188643162.4985,66548272,36652.92230521776,32.7,2015.0,0.1335550459814,2015.0,,16.4,11.5,Europe,Western Europe
France,FRA,2019,0.905,28,2728870246705.878,67382061,40498.468081970335,31.2,2019.0,0.0211680548389615,2018.0,,,,Europe,Western Europe
France,FRA,2020,0.9,28,2647418691598.4507,67601110,39162.35534591741,30.7,2020.0,0.0211680548389615,2018.0,,,,Europe,Western Europe
France,FRA,2021,0.906,28,2959355819170.495,67842811,43620.77242304266,31.5,2021.0,0.0211680548389615,2018.0,,,,Europe,Western Europe
France,FRA,2022,0.91,28,2779092236505.847,68184457,40758.442008357524,31.2,2022.0,0.0211680548389615,2018.0,,,,Europe,Western Europe
Micronesia (Federated States of),FSM,2000,0.637,135,233271800.0,112044,2081.9660133518973,42.4,2005.0,8.08060618781262,2005.0,67.2752439,,4.8,Oceania,Micronesia
Micronesia (Federated States of),FSM,2010,0.644,135,296944100.0,107540,2761.2432583224845,40.1,2013.0,16.02843764428928,2013.0,68.62173171,,7.2,Oceania,Micronesia
Micronesia (Federated States of),FSM,2015,0.642,135,316489900.0,108716,2911.162110452923,40.1,2013.0,15.392921831558851,2013.0,,,8.0,Oceania,Micronesia
Micronesia (Federated States of),FSM,2019,0.64,135,394000000.0,110282,3572.6591828222195,,,,,,,,Oceania,Micronesia
Micronesia (Federated States of),FSM,2020,0.636,135,372000000.0,110916,3353.889429838797,,,,,,,,Oceania,Micronesia
Micronesia (Federated States of),FSM,2021,0.634,135,390000000.0,111624,3493.8722855299934,,,,,,,,Oceania,Micronesia
Micronesia (Federated States of),FSM,2022,0.634,135,430000000.0,112114,3835.3818434807426,,,,,,,,Oceania,Micronesia
Gabon,GAB,1990,0.599,123,5952293764.84777,983734,6050.714689995232,,,,,61.289,11.8,4.32,Africa,Sub-Saharan Africa
Gabon,GAB,2000,0.626,123,5080483628.530126,1275572,3982.906200927996,42.2,2005.0,7.9724628299639,2005.0,59.68802439,12.3,6.2,Africa,Sub-Saharan Africa
Gabon,GAB,2010,0.656,123,14372593020.288502,1719879,8356.746620133452,42.2,2005.0,7.9724628299639,2005.0,62.2897561,12.5,7.6,Africa,Sub-Saharan Africa
Gabon,GAB,2015,0.692,123,14383107762.695185,2040989,7047.126546343555,38.0,2017.0,3.38524056382939,2017.0,,12.6,8.1,Africa,Sub-Saharan Africa
Gabon,GAB,2019,0.702,123,16874405460.195469,2267706,7441.178644936985,38.0,2017.0,3.38524056382939,2017.0,,,,Africa,Sub-Saharan Africa
Gabon,GAB,2020,0.704,123,15314577167.821096,2322539,6593.894512781528,38.0,2017.0,3.38524056382939,2017.0,,,,Africa,Sub-Saharan Africa
Gabon,GAB,2021,0.687,123,20217946921.20645,2376722,8506.651985889159,38.0,2017.0,3.38524056382939,2017.0,,,,Africa,Sub-Saharan Africa
Gabon,GAB,2022,0.693,123,21071739227.94216,2430747,8668.832761263167,38.0,2017.0,3.38524056382939,2017.0,,,,Africa,Sub-Saharan Africa
United Kingdom,GBR,1990,0.804,15,1093169389204.5454,57247586,19095.46699846078,35.7,1990.0,0.24079675412053,1991.0,75.8804878,13.7,8.88,Europe,Northern Europe
United Kingdom,GBR,2000,0.863,15,1665534876683.3103,58892514,28280.926786099,38.8,2000.0,0.24815137698065,2000.0,77.74146341,16.1,11.7,Europe,Northern Europe
United Kingdom,GBR,2010,0.913,15,2485482596184.709,62766365,39598.95711954498,33.7,2010.0,0.16331408122531,2010.0,80.40243902,16.4,13.2,Europe,Northern Europe
United Kingdom,GBR,2015,0.923,15,2927911140916.7314,65088000,44983.88552293405,33.3,2015.0,0.1474572782582,2015.0,,17.4,12.8,Europe,Northern Europe
United Kingdom,GBR,2019,0.933,15,2851407164907.808,66631000,42794.00226482881,32.8,2019.0,0.29805544854891,2017.0,,,,Europe,Northern Europe
United Kingdom,GBR,2020,0.92,15,2697806592293.8604,66744000,40420.211439138504,32.6,2020.0,0.3115664869821,2017.0,,,,Europe,Northern Europe
United Kingdom,GBR,2021,0.931,15,3141506156618.7026,66984000,46899.351436443074,32.4,2021.0,0.3115664869821,2017.0,,,,Europe,Northern Europe
United Kingdom,GBR,2022,0.94,15,3088839763445.0234,67604000,45690.1923472727,32.4,2021.0,0.29805544854891,2017.0,,,,Europe,Northern Europe
Georgia,GEO,2000,0.694,60,3057475335.1884646,4077131,749.9085349939613,40.5,2000.0,22.89990672095508,2000.0,71.63034146,11.7,11.7,Asia,Western Asia
Georgia,GEO,2010,0.763,60,12426907967.157818,3786695,3281.7293093734293,39.5,2010.0,14.36421603410144,2010.0,73.67473171,13.3,12.2,Asia,Western Asia
Georgia,GEO,2015,0.798,60,15223796148.83962,3725276,4086.6223465964995,36.5,2015.0,4.87949176692656,2015.0,,14.7,12.7,Asia,Western Asia
Georgia,GEO,2019,0.816,60,17638337116.9126,3720161,4741.283271587601,35.9,2019.0,4.84862864169345,2019.0,,,,Asia,Western Asia
Georgia,GEO,2020,0.807,60,16010869215.679968,3722716,4300.85701291207,34.5,2020.0,4.23353309953858,2020.0,,,,Asia,Western Asia
Georgia,GEO,2021,0.809,60,18853115588.81058,3708610,5083.606954845773,34.2,2021.0,5.80686748843498,2020.0,,,,Asia,Western Asia
Georgia,GEO,2022,0.814,60,24984568959.604965,3712502,6729.846599302833,33.5,2022.0,4.23353309953858,2020.0,,,,Asia,Western Asia
Ghana,GHA,1990,0.445,145,5889106573.460878,15394648,382.5424636835398,38.4,1991.0,47.87731397291725,1991.0,56.75163415,7.6,4.91,Africa,Sub-Saharan Africa
Ghana,GHA,2000,0.5,145,4982850662.208511,19637087,253.74693620334378,40.1,1998.0,34.2445517254014,1998.0,56.98758537,8.0,6.1,Africa,Sub-Saharan Africa
Ghana,GHA,2010,0.571,145,32197655566.534702,25474995,1263.8925176053892,42.4,2012.0,11.16313201572135,2012.0,60.59956098,10.9,6.7,Africa,Sub-Saharan Africa
Ghana,GHA,2015,0.586,145,49406010054.266335,28696068,1721.69964380717,43.5,2016.0,25.29451553756629,2016.0,,11.7,6.9,Africa,Sub-Saharan Africa
Ghana,GHA,2019,0.599,145,68337969247.70674,31258945,2186.189241118238,43.5,2016.0,12.65590167125884,2016.0,,,,Africa,Sub-Saharan Africa
Ghana,GHA,2020,0.601,145,70043095503.6675,31887809,2196.547762302123,43.5,2016.0,12.65590167125884,2016.0,,,,Africa,Sub-Saharan Africa
Ghana,GHA,2021,0.6,145,79524421861.27426,32518665,2445.5008181078238,43.5,2016.0,12.65590167125884,2016.0,,,,Africa,Sub-Saharan Africa
Ghana,GHA,2022,0.602,145,74263364041.87419,33149152,2240.279450945659,,,,,,,,Africa,Sub-Saharan Africa
Guinea,GIN,1990,0.27,181,3888320665.5228014,6434374,604.3044227026284,45.6,1991.0,91.83641322989384,1991.0,49.91885366,2.9,,Africa,Sub-Saharan Africa
Guinea,GIN,2000,0.345,181,4367458866.715374,8428832,518.1570669240263,43.0,2002.0,63.00099278682016,2002.0,51.24992683,5.1,1.5,Africa,Sub-Saharan Africa
Guinea,GIN,2010,0.415,181,6853467832.494075,10396086,659.2353922903364,33.7,2012.0,36.09346201172985,2012.0,55.298,8.4,1.6,Africa,Sub-Saharan Africa
Guinea,GIN,2015,0.449,181,8794202394.290764,11767070,747.3570221211197,33.7,2012.0,24.5441484893458,2012.0,,9.1,2.6,Africa,Sub-Saharan Africa
Guinea,GIN,2019,0.47,181,13442861496.412752,13034346,1031.3414648048129,29.6,2018.0,23.18536680797821,2018.0,,,,Africa,Sub-Saharan Africa
Guinea,GIN,2020,0.471,181,14177835841.392267,13371183,1060.3277093277586,29.6,2018.0,23.18536680797821,2018.0,,,,Africa,Sub-Saharan Africa
Guinea,GIN,2021,0.467,181,16091817842.13176,13710513,1173.6845909508827,29.6,2018.0,23.18536680797821,2018.0,,,,Africa,Sub-Saharan Africa
Guinea,GIN,2022,0.471,181,20999229260.49945,14055137,1494.0608021465355,29.6,2018.0,23.18536680797821,2018.0,,,,Africa,Sub-Saharan Africa
Gambia,GMB,1990,0.323,174,317083695.47779715,1054696,300.63989574038123,,,,,52.217,5.1,1.24,Africa,Sub-Saharan Africa
Gambia,GMB,2000,0.392,174,782913871.8096597,1455084,538.0540723488539,48.3,1998.0,70.82780361239513,1998.0,55.17121951,6.8,2.0,Africa,Sub-Saharan Africa
Gambia,GMB,2010,0.449,174,1543294926.873006,1926630,801.0333727145357,43.6,2010.0,29.82949546194779,2010.0,58.1335122,8.7,2.8,Africa,Sub-Saharan Africa
Gambia,GMB,2015,0.467,174,1378176608.9320412,2224529,619.5363642964605,35.9,2015.0,13.38206680155778,2015.0,,9.2,3.4,Africa,Sub-Saharan Africa
Gambia,GMB,2019,0.492,174,1813609692.4999352,2456844,738.1867519874828,38.8,2020.0,10.29717513023119,2015.0,,,,Africa,Sub-Saharan Africa
Gambia,GMB,2020,0.492,174,1812170891.190692,2515733,720.3351433521332,38.8,2020.0,10.29717513023119,2015.0,,,,Africa,Sub-Saharan Africa
Gambia,GMB,2021,0.49,174,2014158842.653937,2576010,781.8909253667249,38.8,2020.0,,,,,,Africa,Sub-Saharan Africa
Gambia,GMB,2022,0.495,174,2175099789.9782925,2636470,825.0045667040749,38.8,2020.0,,,,,,Africa,Sub-Saharan Africa
Guinea-Bissau,GNB,2010,0.441,179,940112538.9641788,1566347,600.1942985584795,50.6,2010.0,66.68511559601096,2010.0,53.55843902,9.9,2.6,Africa,Sub-Saharan Africa
Guinea-Bissau,GNB,2015,0.47,179,1152384166.796375,1786457,645.0668372070388,34.8,2018.0,21.66049061706016,2018.0,,10.5,2.9,Africa,Sub-Saharan Africa
Guinea-Bissau,GNB,2019,0.488,179,1486476582.0675912,1967696,755.4401605062933,34.8,2018.0,24.66736995379106,2018.0,,,,Africa,Sub-Saharan Africa
Guinea-Bissau,GNB,2020,0.482,179,1520479984.5680752,2013255,755.2346744789285,33.4,2021.0,24.66736995379106,2018.0,,,,Africa,Sub-Saharan Africa
Guinea-Bissau,GNB,2021,0.482,179,1724555634.365944,2058841,837.6342001961025,33.4,2021.0,24.66736995379106,2018.0,,,,Africa,Sub-Saharan Africa
Guinea-Bissau,GNB,2022,0.483,179,1714166526.4457347,2105529,814.1262962636633,33.4,2021.0,24.66736995379106,2018.0,,,,Africa,Sub-Saharan Africa
Equatorial Guinea,GNQ,2000,0.511,133,1045998496.4387156,703279,1487.3165506700975,,,,,47.76370732,8.0,5.4,Africa,Sub-Saharan Africa
Equatorial Guinea,GNQ,2010,0.609,133,16314443436.290297,1189085,13720.165872322244,,,,,51.53307317,9.2,5.5,Africa,Sub-Saharan Africa
Equatorial Guinea,GNQ,2015,0.648,133,13185496881.0174,1453923,9068.910032386448,,,,,,9.2,5.5,Africa,Sub-Saharan Africa
Equatorial Guinea,GNQ,2019,0.653,133,11364133549.747766,1670177,6804.149230738878,38.5,2022.0,,,,,,Africa,Sub-Saharan Africa
Equatorial Guinea,GNQ,2020,0.65,133,9893816007.7398,1716468,5764.055029129468,38.5,2022.0,,,,,,Africa,Sub-Saharan Africa
Equatorial Guinea,GNQ,2021,0.647,133,12215878032.716583,1758786,6945.630697945391,38.5,2022.0,,,,,,Africa,Sub-Saharan Africa
Equatorial Guinea,GNQ,2022,0.65,133,13486788878.97569,1803545,7477.933114491566,38.5,2022.0,,,,,,Africa,Sub-Saharan Africa
Greece,GRC,1990,0.762,33,97891092003.43938,10196792,9600.185235066027,37.0,1995.0,1.73767545714671,1995.0,76.93902439,12.4,7.89,Europe,Southern Europe
Greece,GRC,2000,0.818,33,130457756628.43636,10805808,12072.92935691957,34.2,2000.0,0.49310545864668,2000.0,77.88780488,13.9,8.6,Europe,Southern Europe
Greece,GRC,2010,0.874,33,297124961971.50055,11121341,26716.648826027413,34.1,2010.0,0.97306832233282,2010.0,80.38780488,16.2,10.3,Europe,Southern Europe
Greece,GRC,2015,0.881,33,195683527003.3745,10820883,18083.877905654695,36.0,2015.0,1.37009057148373,2015.0,,17.3,10.6,Europe,Southern Europe
Greece,GRC,2019,0.89,33,205252760889.3644,10721582,19143.887617458357,33.1,2019.0,0.71843015731195,2019.0,,,,Europe,Southern Europe
Greece,GRC,2020,0.887,33,188480337285.6052,10698599,17617.29150570137,33.6,2020.0,0.68955173572356,2019.0,,,,Europe,Southern Europe
Greece,GRC,2021,0.887,33,214667807441.202,10569207,20310.68247988728,32.9,2021.0,0.71843015731195,2019.0,,,,Europe,Southern Europe
Greece,GRC,2022,0.893,33,217581324512.0592,10436882,20847.349286123885,33.4,2022.0,0.68955173572356,2019.0,,,,Europe,Southern Europe
Grenada,GRD,2010,0.779,73,771014814.8148147,111586,6909.60169568597,,,,,72.33687805,15.9,8.3,Americas,Latin America and the Caribbean
Grenada,GRD,2015,0.786,73,997007407.4074072,114676,8694.12438005692,43.8,2018.0,,,,16.7,8.7,Americas,Latin America and the Caribbean
Grenada,GRD,2019,0.79,73,1213485185.1851852,115981,10462.792915953347,43.8,2018.0,,,,,,Americas,Latin America and the Caribbean
Grenada,GRD,2020,0.786,73,1043411111.111111,116341,8968.558901084838,43.8,2018.0,,,,,,Americas,Latin America and the Caribbean
Grenada,GRD,2021,0.788,73,1122800000.0,116688,9622.240504593447,43.8,2018.0,,,,,,Americas,Latin America and the Caribbean
Grenada,GRD,2022,0.793,73,1224577777.7777777,116913,10474.265289384222,43.8,2018.0,,,,,,Americas,Latin America and the Caribbean
Guatemala,GTM,1990,0.49,136,7650196845.215458,9024773,847.6885618303594,58.8,1989.0,36.25800200418343,1989.0,62.23841463,6.5,3.05,Americas,Latin America and the Caribbean
Guatemala,GTM,2000,0.551,136,19288929030.05078,11697592,1648.9657897155912,54.2,2000.0,9.30249929475149,2000.0,67.74121951,8.5,3.7,Americas,Latin America and the Caribbean
Guatemala,GTM,2010,0.613,136,40676578423.48709,14500112,2805.2596023732153,54.5,2006.0,11.6501052248011,2006.0,70.99597561,10.5,4.9,Americas,Latin America and the Caribbean
Guatemala,GTM,2015,0.629,136,62186064718.74239,15971743,3893.505218481314,48.3,2014.0,8.778929101350801,2014.0,,10.8,6.3,Americas,Latin America and the Caribbean
Guatemala,GTM,2019,0.645,136,77172317258.6478,17103803,4511.997551576558,45.2,2023.0,8.778929101350801,2014.0,,,,Americas,Latin America and the Caribbean
Guatemala,GTM,2020,0.638,136,77715183063.2054,17357325,4477.37096950166,45.2,2023.0,,,,,,Americas,Latin America and the Caribbean
Guatemala,GTM,2021,0.63,136,86053083476.02939,17598650,4889.7548093762525,45.2,2023.0,,,,,,Americas,Latin America and the Caribbean
Guatemala,GTM,2022,0.629,136,95003330315.87544,17847877,5322.948511796414,45.2,2023.0,,,,,,Americas,Latin America and the Caribbean
Guyana,GUY,1990,0.496,95,396582263.2911393,749894,528.8510953429942,39.5,1992.0,28.91086758125717,1992.0,62.12219512,10.1,6.77,Americas,Latin America and the Caribbean
Guyana,GUY,2000,0.57,95,712667896.7275119,764832,931.7966517189551,45.1,1998.0,11.8105126541207,1998.0,63.4847561,10.9,7.7,Americas,Latin America and the Caribbean
Guyana,GUY,2010,0.65,95,3432912516.9242687,749256,4581.761796934918,,,,,65.7024878,10.9,8.1,Americas,Latin America and the Caribbean
Guyana,GUY,2015,0.686,95,4279840193.7046,758781,5640.41560569466,,,,,,11.4,8.4,Americas,Latin America and the Caribbean
Guyana,GUY,2019,0.711,95,5173760191.846522,807665,6405.824434445621,,,,,,,,Americas,Latin America and the Caribbean
Guyana,GUY,2020,0.727,95,5471256594.72422,807481,6775.709390963032,,,,,,,,Americas,Latin America and the Caribbean
Guyana,GUY,2021,0.721,95,8041362110.31175,815482,9860.870148343864,,,,,,,,Americas,Latin America and the Caribbean
Guyana,GUY,2022,0.742,95,14718388489.208632,821637,17913.492806687907,,,,,,,,Americas,Latin America and the Caribbean
"Hong Kong, China (SAR)",HKG,1990,0.739,4,76928784620.81581,5704500,13485.631452505182,,,,,77.3804878,12.8,8.55,Asia,Eastern Asia
"Hong Kong, China (SAR)",HKG,2000,0.831,4,171668891194.3487,6665000,25756.772872370395,,,,,80.87804878,14.1,8.8,Asia,Eastern Asia
"Hong Kong, China (SAR)",HKG,2010,0.914,4,228638668727.29083,7024200,32550.136489178956,,,,,82.97804878,15.3,11.5,Asia,Eastern Asia
"Hong Kong, China (SAR)",HKG,2015,0.936,4,309385622601.3481,7291300,42432.161974044146,,,,,,16.3,12.0,Asia,Eastern Asia
"Hong Kong, China (SAR)",HKG,2019,0.953,4,363074545072.3891,7507900,48359.00119505975,,,,,,,,Asia,Eastern Asia
"Hong Kong, China (SAR)",HKG,2020,0.955,4,344943149590.0583,7481000,46109.22999466091,,,,,,,,Asia,Eastern Asia
"Hong Kong, China (SAR)",HKG,2021,0.959,4,368954169748.81805,7413100,49770.56423747394,,,,,,,,Asia,Eastern Asia
"Hong Kong, China (SAR)",HKG,2022,0.956,4,358696261481.1598,7346100,48828.12124544449,,,,,,,,Asia,Eastern Asia
Honduras,HND,1990,0.513,138,4923009551.55642,4980488,988.4592737812882,55.9,1990.0,44.96289879144434,1990.0,66.68904878,8.6,4.27,Americas,Latin America and the Caribbean
Honduras,HND,2000,0.553,138,7186638029.058749,6577773,1092.564007462518,55.4,2001.0,21.910093148977992,2001.0,70.48414634,9.9,4.3,Americas,Latin America and the Caribbean
Honduras,HND,2010,0.596,138,15839344591.984163,8365878,1893.3272266203455,53.1,2010.0,13.8022019577595,2010.0,72.85031707,10.7,5.4,Americas,Latin America and the Caribbean
Honduras,HND,2015,0.61,138,20979791685.41604,9237305,2271.202659803486,49.2,2015.0,14.924993618651069,2015.0,,10.2,6.3,Americas,Latin America and the Caribbean
Honduras,HND,2019,0.629,138,24882225741.811867,9943633,2502.327443280727,48.2,2019.0,14.77851082348362,2019.0,,,,Americas,Latin America and the Caribbean
Honduras,HND,2020,0.621,138,23352232483.75501,10119640,2307.6149431951144,48.2,2019.0,12.742991740703042,2019.0,,,,Americas,Latin America and the Caribbean
Honduras,HND,2021,0.62,138,28144331506.614887,10289877,2735.1475150397705,48.2,2019.0,14.77851082348362,2019.0,,,,Americas,Latin America and the Caribbean
Honduras,HND,2022,0.624,138,31426041806.798485,10463872,3003.289968263993,46.8,2023.0,12.742991740703042,2019.0,,,,Americas,Latin America and the Caribbean
Croatia,HRV,2000,0.764,39,22128414548.544407,4468302,4952.309523515735,31.3,2000.0,0.089329833984375,2000.0,72.80780488,12.3,9.4,Europe,Southern Europe
Croatia,HRV,2010,0.824,39,58836405998.53112,4295427,13697.45219707636,32.4,2010.0,1.20984556838656,2010.0,76.47560976,14.4,10.8,Europe,Southern Europe
Croatia,HRV,2015,0.844,39,51011170111.84869,4151725,12286.741080357848,31.1,2015.0,0.59481451291517,2015.0,,15.1,11.2,Europe,Southern Europe
Croatia,HRV,2019,0.866,39,61867157679.32149,3949390,15664.990714850011,28.9,2019.0,0.25992585079527,2019.0,,,,Europe,Southern Europe
Croatia,HRV,2020,0.86,39,58221300897.88384,3914206,14874.357889667494,29.5,2020.0,0.25992585079527,2019.0,,,,Europe,Southern Europe
Croatia,HRV,2021,0.867,39,69602166351.47713,3878981,17943.415126672993,28.9,2021.0,0.25992585079527,2019.0,,,,Europe,Southern Europe
Croatia,HRV,2022,0.878,39,71997070660.48346,3855641,18673.177990503646,30.0,2022.0,0.25992585079527,2019.0,,,,Europe,Southern Europe
Haiti,HTI,1990,0.441,158,3096289800.0,6854441,451.7202496892161,,,,,54.42860976,7.2,2.69,Americas,Latin America and the Caribbean
Haiti,HTI,2000,0.485,158,6813566098.867498,8303151,820.6000467614642,59.0,2001.0,63.14670056369689,2001.0,57.42278049,7.9,3.8,Americas,Latin America and the Caribbean
Haiti,HTI,2010,0.449,158,11859312725.144836,9803294,1209.7273350309433,41.1,2012.0,24.488965314122822,2012.0,61.8667561,8.7,4.7,Americas,Latin America and the Caribbean
Haiti,HTI,2015,0.549,158,14849629308.602478,10523242,1411.1268474679646,41.1,2012.0,24.488965314122822,2012.0,,9.1,5.2,Americas,Latin America and the Caribbean
Haiti,HTI,2019,0.559,158,15016090929.512514,11105163,1352.1720419153248,,,,,,,,Americas,Latin America and the Caribbean
Haiti,HTI,2020,0.557,158,14508222518.301786,11243848,1290.3253866738314,,,,,,,,Americas,Latin America and the Caribbean
Haiti,HTI,2021,0.551,158,20877414952.63745,11374586,1835.4439407849613,,,,,,,,Americas,Latin America and the Caribbean
Haiti,HTI,2022,0.552,158,20253551920.551617,11503606,1760.626356687774,,,,,,,,Americas,Latin America and the Caribbean
Hungary,HUN,1990,0.721,47,34365891768.68776,10373988,3312.6982380052646,25.0,1989.0,0.0527160644531249,1989.0,69.31560976,11.1,8.68,Europe,Eastern Europe
Hungary,HUN,2000,0.773,47,47218405892.42581,10210971,4624.281656702953,27.2,2000.0,0.0,2000.0,71.24634146,14.2,10.2,Europe,Eastern Europe
Hungary,HUN,2010,0.829,47,132175349953.71332,10000023,13217.504595110762,29.4,2010.0,0.0586712123421374,2010.0,74.20731707,15.3,11.9,Europe,Eastern Europe
Hungary,HUN,2015,0.839,47,125174166987.37167,9797755,12775.800883709755,30.4,2015.0,0.5698474722062801,2015.0,,15.2,11.8,Europe,Eastern Europe
Hungary,HUN,2019,0.854,47,164020460331.65897,9694824,16918.35358039083,30.0,2019.0,0.27102775919575,2019.0,,,,Europe,Eastern Europe
Hungary,HUN,2020,0.849,47,157288955508.17633,9670419,16264.957651594656,29.7,2020.0,0.3017024616527,2019.0,,,,Europe,Eastern Europe
Hungary,HUN,2021,0.846,47,182109999477.69077,9630932,18908.865671327632,29.2,2021.0,0.27102775919575,2019.0,,,,Europe,Eastern Europe
Hungary,HUN,2022,0.851,47,177006128624.62692,9605074,18428.398222088337,30.2,2022.0,0.3017024616527,2019.0,,,,Europe,Eastern Europe
Indonesia,IDN,1990,0.526,112,106140727333.63564,183501098,578.4201211353821,31.1,1990.0,62.7512457753962,1990.0,63.44934146,10.1,3.28,Asia,South-eastern Asia
Indonesia,IDN,2000,0.597,112,165021012077.80963,216077790,763.7111249509245,30.3,2000.0,34.88812446191551,2000.0,67.25121951,10.6,6.7,Asia,South-eastern Asia
Indonesia,IDN,2010,0.667,112,755094157621.9355,246305322,3065.6834837776487,34.6,2010.0,18.25309090568203,2010.0,70.16785366,12.2,7.4,Asia,South-eastern Asia
Indonesia,IDN,2015,0.698,112,860854232686.2139,261799249,3288.222697255384,38.2,2015.0,5.8130757443787,2015.0,,12.7,7.9,Asia,South-eastern Asia
Indonesia,IDN,2019,0.718,112,1119099871350.1992,272489381,4106.948561603577,35.4,2019.0,2.69736296446675,2019.0,,,,Asia,South-eastern Asia
Indonesia,IDN,2020,0.712,112,1059054842698.482,274814866,3853.7028877414587,35.3,2020.0,3.83136875012193,2020.0,,,,Asia,South-eastern Asia
Indonesia,IDN,2021,0.707,112,1186509691086.7307,276758053,4287.173139950984,35.5,2021.0,2.16327820382458,2021.0,,,,Asia,South-eastern Asia
Indonesia,IDN,2022,0.713,112,1319076267310.162,278830529,4730.745489171891,35.5,2022.0,3.5474440287130005,2021.0,,,,Asia,South-eastern Asia
India,IND,1990,0.434,134,320979026420.0351,864972221,371.0859362037652,27.5,1987.0,50.575480878195776,1987.0,58.52919512,7.6,2.96,Asia,Southern Asia
India,IND,2000,0.49,134,468395521654.4579,1057922733,442.75021893726324,27.7,2004.0,39.9012116730453,2004.0,62.16185366,8.3,4.4,Asia,Southern Asia
India,IND,2010,0.572,134,1675615519484.959,1243481564,1347.519390713668,27.8,2009.0,32.86712608340197,2009.0,65.6942439,10.8,5.4,Asia,Southern Asia
India,IND,2015,0.619,134,2103588360044.3892,1328024498,1583.9981590794337,28.8,2011.0,18.71870304524353,2015.0,,12.0,6.3,Asia,Southern Asia
India,IND,2019,0.638,134,2835606256558.844,1389030312,2041.428636986321,25.5,2022.0,10.01220283574111,2019.0,,,,Asia,Southern Asia
India,IND,2020,0.638,134,2674851578586.8647,1402617695,1907.0425163763991,25.5,2022.0,10.01220283574111,2019.0,,,,Asia,Southern Asia
India,IND,2021,0.633,134,3167270623260.5225,1414203896,2239.61384367486,25.5,2022.0,9.99975126817193,2019.0,,,,Asia,Southern Asia
India,IND,2022,0.644,134,3353470496885.948,1425423212,2352.613924520508,25.5,2022.0,10.01220283574111,2019.0,,,,Asia,Southern Asia
Ireland,IRL,1990,0.743,7,49305632408.4929,3513974,14031.302567546856,35.5,1987.0,0.68918403695922,1987.0,74.74131707,12.1,9.73,Europe,Northern Europe
Ireland,IRL,2000,0.851,7,100207610429.90924,3805174,26334.567205050083,33.0,2000.0,0.17827219729288,2000.0,76.53658537,16.4,10.8,Europe,Northern Europe
Ireland,IRL,2010,0.908,7,221913560882.3671,4560155,48663.60044392506,32.3,2010.0,0.5427571358161201,2010.0,80.74390244,18.4,12.2,Europe,Northern Europe
Ireland,IRL,2015,0.924,7,292364226871.7561,4701957,62179.2642662951,31.8,2015.0,0.36762756414669,2015.0,,19.6,12.3,Europe,Northern Europe
Ireland,IRL,2019,0.942,7,398933010007.3562,4976456,80164.07861485286,30.3,2019.0,0.0039213858037028,2018.0,,,,Europe,Northern Europe
Ireland,IRL,2020,0.945,7,428608687830.2393,5039747,85045.6754734393,29.2,2020.0,0.0039213858037028,2018.0,,,,Europe,Northern Europe
Ireland,IRL,2021,0.946,7,513391778882.86,5110585,100456.55808148382,29.4,2021.0,0.0039213858037028,2018.0,,,,Europe,Northern Europe
Ireland,IRL,2022,0.95,7,533140011838.2764,5212836,102274.46477086109,29.9,2022.0,0.0039213858037028,2018.0,,,,Europe,Northern Europe
Iran (Islamic Republic of),IRN,1990,0.613,78,124813263926.225,58380092,2137.942227398768,43.6,1990.0,6.23434082031249,1990.0,63.44595122,9.2,4.22,Asia,Southern Asia
Iran (Islamic Republic of),IRN,2000,0.692,78,109591707801.43082,66418659,1650.0138583260289,44.1,1998.0,4.52569824218749,1998.0,69.60770732,11.6,6.2,Asia,Southern Asia
Iran (Islamic Republic of),IRN,2010,0.756,78,486807616876.6958,77420842,6287.810934382447,34.7,2011.0,1.4918264068385,2009.0,73.13014634,13.1,9.0,Asia,Southern Asia
Iran (Islamic Republic of),IRN,2015,0.782,78,408212917874.9643,82619362,4940.886833221543,35.3,2015.0,0.72021690961778,2015.0,,14.9,9.8,Asia,Southern Asia
Iran (Islamic Republic of),IRN,2019,0.785,78,283649531542.74054,87051648,3258.4050739940103,36.5,2019.0,0.5985642206459,2019.0,,,,Asia,Southern Asia
Iran (Islamic Republic of),IRN,2020,0.779,78,239735486745.38528,87723443,2732.855420932182,35.8,2020.0,1.05039941211212,2019.0,,,,Asia,Southern Asia
Iran (Islamic Republic of),IRN,2021,0.776,78,359096907772.2729,88455488,4059.634013576104,35.5,2021.0,0.5985642206459,2019.0,,,,Asia,Southern Asia
Iran (Islamic Republic of),IRN,2022,0.78,78,413394567603.5518,89524246,4617.682762762971,34.8,2022.0,1.05039941211212,2019.0,,,,Asia,Southern Asia
Iraq,IRQ,1990,0.497,128,180408064516.1284,17581206,10261.41577068879,,,,,68.40256098,9.6,3.19,Asia,Western Asia
Iraq,IRQ,2000,0.583,128,48364250943.90507,24424056,1980.1891603878187,,,,,70.82992683,8.7,5.0,Asia,Western Asia
Iraq,IRQ,2010,0.629,128,138516722649.57266,31045366,4461.751961615549,29.5,2012.0,0.088752466893556,2012.0,68.8297561,10.4,6.4,Asia,Western Asia
Iraq,IRQ,2015,0.656,128,166774104959.10168,37560535,4440.141892523674,29.5,2012.0,1.6513162832645998,2012.0,,10.1,6.6,Asia,Western Asia
Iraq,IRQ,2019,0.678,128,233636097800.33844,41192171,5671.856863294203,29.8,2023.0,,,,,,Asia,Western Asia
Iraq,IRQ,2020,0.661,128,180898797936.27884,42116605,4295.189461170454,29.8,2023.0,,,,,,Asia,Western Asia
Iraq,IRQ,2021,0.667,128,209691945713.10345,43071211,4868.494310807826,29.8,2023.0,,,,,,Asia,Western Asia
Iraq,IRQ,2022,0.673,128,286640340965.5172,44070551,6504.124283935484,29.8,2023.0,,,,,,Asia,Western Asia
Iceland,ISL,1990,0.834,3,6468736355.556776,254826,25384.915022630248,,,,,78.03634146,14.2,8.46,Europe,Northern Europe
Iceland,ISL,2000,0.895,3,9025660361.75842,281205,32096.37226136954,26.8,2003.0,0.0,2003.0,79.65365854,17.1,9.4,Europe,Northern Europe
Iceland,ISL,2010,0.927,3,13751161917.739773,318041,43237.07294889581,26.2,2010.0,0.14938448839303,2010.0,81.89756098,18.5,10.6,Europe,Northern Europe
Iceland,ISL,2015,0.948,3,17517210519.091156,330815,52951.68151108975,26.8,2015.0,0.0344901833305642,2015.0,,19.3,12.2,Europe,Northern Europe
Iceland,ISL,2019,0.958,3,24681343649.29519,360563,68452.23622306001,26.6,2018.0,0.0,2017.0,,,,Europe,Northern Europe
Iceland,ISL,2020,0.955,3,21629953194.065945,366463,59023.56634657781,26.6,2018.0,0.0,2017.0,,,,Europe,Northern Europe
Iceland,ISL,2021,0.957,3,25797870984.2963,372520,69252.3112431448,26.6,2018.0,0.0,2017.0,,,,Europe,Northern Europe
Iceland,ISL,2022,0.959,3,28701830401.683697,382003,75135.09161363576,26.6,2018.0,0.0,2017.0,,,,Europe,Northern Europe
Israel,ISR,1990,0.781,25,61661395508.95943,4660000,13232.059122094297,35.5,1992.0,0.21532727528878,1992.0,76.60731707,12.7,11.03,Asia,Western Asia
Israel,ISR,2000,0.835,25,136035771711.67194,6289000,21630.747608788668,38.9,2001.0,0.24897777230599,2001.0,78.95365854,15.1,12.0,Asia,Western Asia
Israel,ISR,2010,0.887,25,238364092298.0229,7623600,31266.605317438334,42.6,2010.0,0.22767835340652,2010.0,81.60243902,15.8,12.6,Asia,Western Asia
Israel,ISR,2015,0.899,25,303414276832.04004,8380100,36206.52221716209,39.7,2015.0,0.49385365469248,2015.0,,16.0,13.0,Asia,Western Asia
Israel,ISR,2019,0.909,25,402470513619.148,9054000,44452.232562309255,38.3,2019.0,0.49676623734505,2018.0,,,,Asia,Western Asia
Israel,ISR,2020,0.906,25,413267669231.52216,9215100,44846.79159548156,37.8,2020.0,0.23583151717405,2018.0,,,,Asia,Western Asia
Israel,ISR,2021,0.911,25,488526545878.89136,9371400,52129.51596121085,37.9,2021.0,0.49676623734505,2018.0,,,,Asia,Western Asia
Israel,ISR,2022,0.915,25,525002447652.77344,9557500,54930.93880750964,37.9,2021.0,0.49676623734505,2018.0,,,,Asia,Western Asia
Italy,ITA,1990,0.78,30,1181222653522.9475,56719240,20825.78422283069,31.0,1991.0,0.24771694316105,1991.0,76.97073171,12.8,7.29,Europe,Southern Europe
Italy,ITA,2000,0.842,30,1146676894209.728,56942108,20137.591221767343,35.2,2000.0,1.24951702619588,2000.0,79.77804878,14.9,8.6,Europe,Southern Europe
Italy,ITA,2010,0.88,30,2136099955236.671,59819407,35709.14628486155,34.7,2010.0,1.26528952584288,2010.0,82.03658537,16.4,9.7,Europe,Southern Europe
Italy,ITA,2015,0.881,30,1836637711060.546,60229605,30493.93584866688,35.4,2015.0,1.9488664076009896,2015.0,,16.3,10.2,Europe,Southern Europe
Italy,ITA,2019,0.899,30,2011302198827.448,59729081,33673.75096274205,34.6,2019.0,1.45764687124155,2018.0,,,,Europe,Southern Europe
Italy,ITA,2020,0.892,30,1897461635591.912,59438851,31922.91916261827,35.2,2020.0,1.45764687124155,2018.0,,,,Europe,Southern Europe
Italy,ITA,2021,0.899,30,2154875493744.9265,59133173,36441.059804873425,34.8,2021.0,1.45764687124155,2018.0,,,,Europe,Southern Europe
Italy,ITA,2022,0.906,30,2066972096553.7048,59013667,35025.31195957887,33.7,2022.0,1.45764687124155,2018.0,,,,Europe,Southern Europe
Jamaica,JAM,1990,0.664,115,4592208086.6923485,2379877,1929.5989190585683,41.1,1990.0,2.88048746710981,1990.0,70.65370732,11.2,6.47,Americas,Latin America and the Caribbean
Jamaica,JAM,2000,0.657,115,9005064474.930035,2607826,3453.0925280022648,44.1,1999.0,2.31470324604808,1999.0,70.47129268,10.9,7.3,Americas,Latin America and the Caribbean
Jamaica,JAM,2010,0.711,115,13220549908.249386,2748568,4809.977380311997,,,,,72.84712195,12.8,8.9,Americas,Latin America and the Caribbean
Jamaica,JAM,2015,0.712,115,14188936918.003582,2802534,5062.895550242595,35.3,2018.0,,,,13.1,9.6,Americas,Latin America and the Caribbean
Jamaica,JAM,2019,0.712,115,15830766531.147352,2823271,5607.242992666079,35.3,2018.0,,,,,,Americas,Latin America and the Caribbean
Jamaica,JAM,2020,0.707,115,13812421835.736937,2830739,4879.440257733735,39.9,2021.0,,,,,,Americas,Latin America and the Caribbean
Jamaica,JAM,2021,0.704,115,14657586159.431623,2837682,5165.337821303311,39.9,2021.0,,,,,,Americas,Latin America and the Caribbean
Jamaica,JAM,2022,0.706,115,17097760686.777462,2839144,6022.153397917634,39.9,2021.0,,,,,,Americas,Latin America and the Caribbean
Jordan,JOR,1990,0.622,99,4160087507.834724,3621908,1148.590054698994,43.1,1992.0,0.6385363769531199,1992.0,69.92085366,11.7,5.25,Asia,Western Asia
Jordan,JOR,2000,0.681,99,8460789844.851905,5386945,1570.6100294047749,37.0,2002.0,0.19518050501703,2002.0,71.7797561,12.7,9.5,Asia,Western Asia
Jordan,JOR,2010,0.727,99,27133804225.35212,7297043,3718.4657162294534,33.7,2010.0,0.040854882816192,2010.0,73.43587805,12.8,9.8,Asia,Western Asia
Jordan,JOR,2015,0.738,99,38587017887.32394,9544729,4042.7567809755456,33.7,2010.0,0.10412249606625,2010.0,,13.0,10.3,Asia,Western Asia
Jordan,JOR,2019,0.744,99,44502816901.408455,10671891,4170.0966493575,,,,,,,,Asia,Western Asia
Jordan,JOR,2020,0.74,99,43700383098.59155,10865228,4022.0401356134957,,,,,,,,Asia,Western Asia
Jordan,JOR,2021,0.736,99,46296100140.84507,11066356,4183.4999832686635,,,,,,,,Asia,Western Asia
Jordan,JOR,2022,0.736,99,48653381830.98592,11256263,4322.338757630834,,,,,,,,Asia,Western Asia
Japan,JPN,1990,0.846,24,3185904656663.8467,123478000,25801.395039309406,,,,,78.83682927,13.3,9.61,Asia,Eastern Asia
Japan,JPN,2000,0.883,24,4968359075956.591,126843000,39169.35957015043,,,,,81.07609756,14.3,10.7,Asia,Eastern Asia
Japan,JPN,2010,0.903,24,5759071769013.113,128070000,44968.15623497395,31.5,2010.0,0.0,2010.0,82.84268293,15.0,11.5,Asia,Eastern Asia
Japan,JPN,2015,0.913,24,4444930651964.18,127141000,34960.63938433849,30.7,2015.0,0.72788788742459,2013.0,,15.2,12.5,Asia,Eastern Asia
Japan,JPN,2019,0.918,24,5117993853016.508,126633000,40415.956764954695,33.0,2019.0,,,,,,Asia,Eastern Asia
Japan,JPN,2020,0.917,24,5055587093501.588,126261000,40040.76550559229,32.3,2020.0,,,,,,Asia,Eastern Asia
Japan,JPN,2021,0.92,24,5034620784584.983,125681593,40058.53732761792,32.3,2020.0,,,,,,Asia,Eastern Asia
Japan,JPN,2022,0.92,24,4256410760723.75,125124989,34017.27180750242,32.3,2020.0,,,,,,Asia,Eastern Asia
Kazakhstan,KAZ,1990,0.672,67,26932016269.61069,17154054,1570.0088311259071,32.7,1993.0,5.20112408461291,1993.0,68.33658537,12.4,8.05,Asia,Central Asia
Kazakhstan,KAZ,2000,0.68,67,18291990662.035625,15501103,1180.0444563226001,36.0,2001.0,12.814419388579,2001.0,65.51707317,12.3,10.5,Asia,Central Asia
Kazakhstan,KAZ,2010,0.766,67,148047348240.64334,16836810,8793.075899807822,28.0,2010.0,0.0946243040252106,2010.0,68.29536585,14.4,11.4,Asia,Central Asia
Kazakhstan,KAZ,2015,0.799,67,184388404706.04175,18084169,10196.12262559821,26.8,2015.0,0.0382705867123472,2015.0,,15.0,11.7,Asia,Central Asia
Kazakhstan,KAZ,2019,0.81,67,181667184854.5005,19209555,9457.126146571354,28.0,2019.0,0.0151407910715231,2018.0,,,,Asia,Central Asia
Kazakhstan,KAZ,2020,0.806,67,171082365861.4229,19482117,8781.507977876476,28.7,2020.0,0.0105378453344181,2018.0,,,,Asia,Central Asia
Kazakhstan,KAZ,2021,0.801,67,197112255360.61237,19743603,9983.601035769021,29.2,2021.0,0.0151407910715231,2018.0,,,,Asia,Central Asia
Kazakhstan,KAZ,2022,0.802,67,225496328925.4941,20034609,11255.339643788113,29.2,2021.0,0.0151407910715231,2018.0,,,,Asia,Central Asia
Kenya,KEN,1990,0.48,146,8572359038.169579,22892651,374.45899289556195,56.9,1992.0,31.6687060546875,1992.0,59.11534146,9.1,3.72,Africa,Sub-Saharan Africa
Kenya,KEN,2000,0.487,146,12705350097.80436,30642890,414.6263651308463,45.0,1997.0,25.39386316890336,1997.0,52.84012195,8.4,5.3,Africa,Sub-Saharan Africa
Kenya,KEN,2010,0.545,146,45405615063.75513,41598567,1091.518731011939,46.4,2005.0,43.897107815271,2005.0,59.54707317,10.7,6.1,Africa,Sub-Saharan Africa
Kenya,KEN,2015,0.575,146,70120446896.8359,47088526,1489.1195977728398,40.8,2015.0,37.07855939254282,2015.0,,11.7,6.3,Africa,Sub-Saharan Africa
Kenya,KEN,2019,0.604,146,100378436207.37134,51202827,1960.408088548926,36.2,2020.0,37.07855939254282,2015.0,,,,Africa,Sub-Saharan Africa
Kenya,KEN,2020,0.599,146,100657505750.545,52217334,1927.6645902784887,36.2,2020.0,37.07855939254282,2015.0,,,,Africa,Sub-Saharan Africa
Kenya,KEN,2021,0.596,146,109703658904.99371,53219166,2061.35622089594,38.7,2021.0,,,,,,Africa,Sub-Saharan Africa
Kenya,KEN,2022,0.601,146,113419826113.90314,54252461,2090.5932011803693,38.7,2021.0,,,,,,Africa,Sub-Saharan Africa
Kyrgyzstan,KGZ,1990,0.637,117,2675000000.0,4391236,609.1678971478646,,,,,68.29756098,12.0,8.56,Asia,Central Asia
Kyrgyzstan,KGZ,2000,0.617,117,1369688498.0677826,4898362,279.62173846436474,31.0,2000.0,35.13557730538928,2000.0,68.55853659,11.8,9.8,Asia,Central Asia
Kyrgyzstan,KGZ,2010,0.661,117,4794361863.013527,5467059,876.9544764403543,30.1,2010.0,3.5214179898518703,2010.0,69.3,12.4,10.6,Asia,Central Asia
Kyrgyzstan,KGZ,2015,0.689,117,6678177511.663131,6040036,1105.6519384426072,29.0,2015.0,2.1805963238895503,2015.0,,13.3,10.8,Asia,Central Asia
Kyrgyzstan,KGZ,2019,0.699,117,9371275264.367346,6590211,1421.9992750410186,29.7,2019.0,0.65906366762556,2019.0,,,,Asia,Central Asia
Kyrgyzstan,KGZ,2020,0.691,117,8270468614.240511,6726596,1229.517666029075,29.0,2020.0,1.08173158436824,2020.0,,,,Asia,Central Asia
Kyrgyzstan,KGZ,2021,0.696,117,9249133946.265314,6851224,1349.9973065054235,28.8,2021.0,1.33097360240106,2020.0,,,,Asia,Central Asia
Kyrgyzstan,KGZ,2022,0.701,117,12134931017.946526,6975220,1739.7201834417447,26.4,2022.0,1.08173158436824,2020.0,,,,Asia,Central Asia
Cambodia,KHM,1990,0.379,148,1402541176.5120633,7374752,190.1814700361535,,,,,54.753,6.7,2.69,Asia,South-eastern Asia
Cambodia,KHM,2000,0.431,148,3654031716.398547,12462336,293.2060021811759,,,,,61.88726829,7.6,3.2,Asia,South-eastern Asia
Cambodia,KHM,2010,0.542,148,11242275287.581013,14500726,775.2905121840805,,,,,70.64336585,11.0,4.4,Asia,South-eastern Asia
Cambodia,KHM,2015,0.564,148,18049954289.472065,15623251,1155.3263971418025,,,,,,11.7,4.7,Asia,South-eastern Asia
Cambodia,KHM,2019,0.596,148,27089390032.79797,16481304,1643.6436117432195,,,,,,,,Asia,South-eastern Asia
Cambodia,KHM,2020,0.596,148,25872797891.766376,16725474,1546.9096954601332,,,,,,,,Asia,South-eastern Asia
Cambodia,KHM,2021,0.596,148,26961061151.73373,16974305,1588.3455111554629,,,,,,,,Asia,South-eastern Asia
Cambodia,KHM,2022,0.6,148,29504829319.316875,17201724,1715.2251320458854,,,,,,,,Asia,South-eastern Asia
Kiribati,KIR,2000,0.547,137,74790109.38488324,88613,844.008321407505,,,,,64.60646341,10.4,6.8,Oceania,Micronesia
Kiribati,KIR,2010,0.584,137,165113529.31086195,108704,1518.9278160036608,37.0,2006.0,12.86929706533214,2006.0,67.88382927,12.3,7.9,Oceania,Micronesia
Kiribati,KIR,2015,0.625,137,191572320.429122,116815,1639.9633645432693,27.8,2019.0,1.30059208878089,2019.0,,12.9,7.9,Oceania,Micronesia
Kiribati,KIR,2019,0.636,137,216891541.02135065,123921,1750.2404033323703,27.8,2019.0,1.30059208878089,2019.0,,,,Oceania,Micronesia
Kiribati,KIR,2020,0.629,137,222973879.71109745,126099,1768.24463089396,27.8,2019.0,1.30059208878089,2019.0,,,,Oceania,Micronesia
Kiribati,KIR,2021,0.627,137,289207526.3066171,128377,2252.7986033839165,27.8,2019.0,1.30059208878089,2019.0,,,,Oceania,Micronesia
Kiribati,KIR,2022,0.628,137,270520731.5990411,130469,2073.4483409778654,27.8,2019.0,1.30059208878089,2019.0,,,,Oceania,Micronesia
Saint Kitts and Nevis,KNA,2010,0.79,51,778718518.5185184,46846,16622.94579085767,,,,,,13.3,7.8,Americas,Latin America and the Caribbean
Saint Kitts and Nevis,KNA,2015,0.829,51,957222222.2222222,47087,20328.800353010858,,,,,,14.2,8.4,Americas,Latin America and the Caribbean
Saint Kitts and Nevis,KNA,2019,0.838,51,1107855555.5555556,46952,23595.49232312906,,,,,,,,Americas,Latin America and the Caribbean
Saint Kitts and Nevis,KNA,2020,0.832,51,883922222.2222222,46870,18859.019036104593,,,,,,,,Americas,Latin America and the Caribbean
Saint Kitts and Nevis,KNA,2021,0.832,51,858622222.2222222,46763,18361.144969788555,,,,,,,,Americas,Latin America and the Caribbean
Saint Kitts and Nevis,KNA,2022,0.838,51,981429629.6296296,46709,21011.5744209816,,,,,,,,Americas,Latin America and the Caribbean
Korea (Republic of),KOR,1990,0.731,19,283365844161.0921,42869283,6609.997283161748,,,,,71.2997561,13.6,9.11,Asia,Eastern Asia
Korea (Republic of),KOR,2000,0.824,19,576179387819.613,47008111,12257.020662234503,,,,,75.83536585,15.6,,Asia,Eastern Asia
Korea (Republic of),KOR,2010,0.89,19,1143672241149.7156,49554112,23079.26012577353,32.0,2010.0,0.49589972210306,2010.0,80.55121951,16.8,,Asia,Eastern Asia
Korea (Republic of),KOR,2015,0.908,19,1466038936206.4275,51014947,28737.43917064988,35.2,2016.0,0.22666514266768,2016.0,,16.5,,Asia,Eastern Asia
Korea (Republic of),KOR,2019,0.922,19,1651422932447.768,51764822,31902.416904819416,33.2,2019.0,0.22666514266768,2016.0,,,,Asia,Eastern Asia
Korea (Republic of),KOR,2020,0.922,19,1644312831906.1692,51836239,31721.298914185674,32.7,2020.0,0.22666514266768,2016.0,,,,Asia,Eastern Asia
Korea (Republic of),KOR,2021,0.926,19,1818432106880.0369,51769539,35125.52249847225,32.9,2021.0,0.22666514266768,2016.0,,,,Asia,Eastern Asia
Korea (Republic of),KOR,2022,0.929,19,1673916511799.7087,51672569,32394.683372520318,32.9,2021.0,,,,,,Asia,Eastern Asia
Kuwait,KWT,1990,0.698,49,18427777777.77778,1684819,10937.541526880797,,,,,72.25953659,10.6,5.51,Asia,Western Asia
Kuwait,KWT,2000,0.78,49,37718743480.0751,1954709,19296.347169872908,,,,,73.35521951,14.0,6.2,Asia,Western Asia
Kuwait,KWT,2010,0.811,49,115416245238.47812,2943372,39212.25221904609,,,,,74.16192683,13.4,6.8,Asia,Western Asia
Kuwait,KWT,2015,0.829,49,114585555830.9162,3834574,29882.21268670684,,,,,,13.6,7.1,Asia,Western Asia
Kuwait,KWT,2019,0.838,49,138696321087.86374,4442316,31221.624280637338,,,,,,,,Asia,Western Asia
Kuwait,KWT,2020,0.826,49,107512998447.02074,4400267,24433.28971787865,,,,,,,,Asia,Western Asia
Kuwait,KWT,2021,0.836,49,141777271268.69412,4360865,32511.27271050448,,,,,,,,Asia,Western Asia
Kuwait,KWT,2022,0.847,49,182809482400.9244,4589643,39830.87190025987,,,,,,,,Asia,Western Asia
Lao People's Democratic Republic,LAO,1990,0.408,139,865559879.4004065,4311955,200.7349054895996,34.3,1992.0,31.11490182928568,1992.0,54.11956098,6.7,3.09,Asia,South-eastern Asia
Lao People's Democratic Republic,LAO,2000,0.473,139,1731198022.467631,5431212,318.749852236965,32.6,2002.0,25.3698817357066,2002.0,61.64446341,8.0,3.9,Asia,South-eastern Asia
Lao People's Democratic Republic,LAO,2010,0.557,139,7131771014.704564,6334194,1125.9161015126099,36.0,2012.0,14.51341806864371,2012.0,66.89843902,10.0,4.6,Asia,South-eastern Asia
Lao People's Democratic Republic,LAO,2015,0.604,139,14426380125.648829,6801645,2121.013390973629,36.0,2012.0,10.89104423435207,2012.0,,11.3,5.1,Asia,South-eastern Asia
Lao People's Democratic Republic,LAO,2019,0.617,139,18740561512.555496,7237636,2589.3208103523716,38.8,2018.0,9.98308858237644,2018.0,,,,Asia,South-eastern Asia
Lao People's Democratic Republic,LAO,2020,0.616,139,18981805250.2424,7346533,2583.777306961311,38.8,2018.0,9.98308858237644,2018.0,,,,Asia,South-eastern Asia
Lao People's Democratic Republic,LAO,2021,0.615,139,18827148530.934723,7453194,2526.0510501852928,38.8,2018.0,9.98308858237644,2018.0,,,,Asia,South-eastern Asia
Lao People's Democratic Republic,LAO,2022,0.62,139,15468785203.753174,7559007,2046.4044025562052,38.8,2018.0,9.98308858237644,2018.0,,,,Asia,South-eastern Asia
Lebanon,LBN,2010,0.749,109,38443907042.12272,5041288,7625.810515511655,31.8,2011.0,0.0,2011.0,79.25278049,13.2,7.9,Asia,Western Asia
Lebanon,LBN,2015,0.756,109,49929337836.81592,6472469,7714.109999880404,31.8,2011.0,0.0,2011.0,,12.5,8.5,Asia,Western Asia
Lebanon,LBN,2019,0.76,109,51605959131.27413,5794594,8905.880054974366,,,,,,,,Asia,Western Asia
Lebanon,LBN,2020,0.742,109,31712128253.796097,5702398,5561.19166950397,,,,,,,,Asia,Western Asia
Lebanon,LBN,2021,0.725,109,23131941556.784348,5718122,4045.3739106623375,,,,,,,,Asia,Western Asia
Lebanon,LBN,2022,0.723,109,20992421948.808086,5744489,3654.358455348785,,,,,,,,Asia,Western Asia
Liberia,LBR,2000,0.434,177,874000000.0,2928117,298.48534057894545,,,,,52.40912195,10.5,3.5,Africa,Sub-Saharan Africa
Liberia,LBR,2010,0.46,177,1998000000.0,4058890,492.2528080337235,36.4,2007.0,71.38499174747867,2007.0,59.43431707,9.5,4.1,Africa,Sub-Saharan Africa
Liberia,LBR,2015,0.472,177,3227075700.0,4659431,692.590082351257,33.2,2014.0,41.71989659811113,2014.0,,10.0,4.4,Africa,Sub-Saharan Africa
Liberia,LBR,2019,0.485,177,3319596500.0,5043721,658.1641807705065,35.3,2016.0,27.6177478999407,2016.0,,,,Africa,Sub-Saharan Africa
Liberia,LBR,2020,0.483,177,3176126340.0,5149463,616.7878747745153,35.3,2016.0,44.43256982516717,2016.0,,,,Africa,Sub-Saharan Africa
Liberia,LBR,2021,0.484,177,3513049520.0,5259323,667.9661089459613,35.3,2016.0,44.43256982516717,2016.0,,,,Africa,Sub-Saharan Africa
Liberia,LBR,2022,0.487,177,4001047000.0,5373294,744.617175237387,,,,,,,,Africa,Sub-Saharan Africa
Libya,LBY,1990,0.724,92,28904183602.48184,4445239,6502.278865654206,,,,,68.56485366,14.0,3.81,Africa,Northern Africa
Libya,LBY,2000,0.746,92,38270954138.11281,5305021,7214.100403770844,,,,,71.96621951,15.7,5.6,Africa,Northern Africa
Libya,LBY,2010,0.774,92,75380825062.4216,6497839,11600.906864947192,,,,,74.7924878,14.0,7.3,Africa,Northern Africa
Libya,LBY,2015,0.749,92,48717501321.30524,6531819,7458.489177563744,,,,,,13.4,7.3,Africa,Northern Africa
Libya,LBY,2019,0.756,92,72081962263.17938,6951033,10369.96404177327,,,,,,,,Africa,Northern Africa
Libya,LBY,2020,0.737,92,65688454971.56625,7045399,9323.596147154512,,,,,,,,Africa,Northern Africa
Libya,LBY,2021,0.746,92,47786789103.81721,7135175,6697.353478200213,,,,,,,,Africa,Northern Africa
Libya,LBY,2022,0.746,92,55938727098.01743,7223805,7743.665159568598,,,,,,,,Africa,Northern Africa
Saint Lucia,LCA,1990,0.666,108,579629629.6296296,137857,4204.571618631115,42.6,1995.0,34.679409845163164,1995.0,71.04943902,12.6,,Americas,Latin America and the Caribbean
Saint Lucia,LCA,2000,0.692,108,932592592.5925924,158616,5879.561914262069,42.6,1995.0,34.679409845163164,1995.0,71.42353659,12.6,7.0,Americas,Latin America and the Caribbean
Saint Lucia,LCA,2010,0.731,108,1482385185.1851852,170906,8673.687203405294,43.7,2015.0,,,74.41102439,13.1,8.4,Americas,Latin America and the Caribbean
Saint Lucia,LCA,2015,0.736,108,1807640740.7407403,174905,10334.986082391815,43.7,2015.0,4.58024619333761,2016.0,,13.6,8.9,Americas,Latin America and the Caribbean
Saint Lucia,LCA,2019,0.733,108,2092081549.0244443,177661,11775.693872174785,43.7,2015.0,4.58024619333761,2016.0,,,,Americas,Latin America and the Caribbean
Saint Lucia,LCA,2020,0.724,108,1497825994.2322073,178250,8402.950879283071,43.7,2015.0,4.58024619333761,2016.0,,,,Americas,Latin America and the Caribbean
Saint Lucia,LCA,2021,0.717,108,1834796401.6326072,178522,10277.70471780849,,,4.58024619333761,2016.0,,,,Americas,Latin America and the Caribbean
Saint Lucia,LCA,2022,0.725,108,2343703788.173233,178781,13109.356073482266,,,,,,,,Americas,Latin America and the Caribbean
Liechtenstein,LIE,2000,0.871,12,2483889858.323124,32645,76087.91111420198,,,,,76.82682927,13.5,10.2,Europe,Western Europe
Liechtenstein,LIE,2010,0.916,12,5082337238.447185,36022,141089.81284901407,,,,,81.84146341,14.5,12.1,Europe,Western Europe
Liechtenstein,LIE,2015,0.926,12,6268515276.174405,37494,167187.15730982038,,,,,,14.7,12.4,Europe,Western Europe
Liechtenstein,LIE,2019,0.94,12,6436467007.119318,38563,166907.83930501563,,,,,,,,Europe,Western Europe
Liechtenstein,LIE,2020,0.933,12,6405870210.32293,38901,164671.0935534544,,,,,,,,Europe,Western Europe
Liechtenstein,LIE,2021,0.936,12,7710380085.922573,39182,196783.72941459276,,,,,,,,Europe,Western Europe
Liechtenstein,LIE,2022,0.942,12,7364654515.139836,39493,186479.99683842293,,,,,,,,Europe,Western Europe
Sri Lanka,LKA,1990,0.641,78,8032551173.240139,16352458,491.21368623849327,32.4,1990.0,9.30168954353241,1990.0,69.6794878,11.3,7.79,Asia,Southern Asia
Sri Lanka,LKA,2000,0.689,78,16330814179.976624,19293054,846.4608133049658,40.2,2002.0,8.76029653559061,2002.0,71.15712195,12.5,10.0,Asia,Southern Asia
Sri Lanka,LKA,2010,0.735,78,58636161081.71195,20879089,2808.3677923740806,36.1,2009.0,3.49546086786435,2009.0,73.75526829,13.6,10.8,Asia,Southern Asia
Sri Lanka,LKA,2015,0.76,78,85140955388.85092,20970000,4060.131396702476,39.3,2016.0,1.29531761236744,2016.0,,13.9,10.9,Asia,Southern Asia
Sri Lanka,LKA,2019,0.775,78,89014978344.1404,21803000,4082.6940487153324,37.7,2019.0,0.94536914439895,2016.0,,,,Asia,Southern Asia
Sri Lanka,LKA,2020,0.777,78,84304298770.53287,21919000,3846.17449566736,37.7,2019.0,0.94536914439895,2016.0,,,,Asia,Southern Asia
Sri Lanka,LKA,2021,0.783,78,88609332762.47295,22156000,3999.338001555919,37.7,2019.0,0.94536914439895,2016.0,,,,Asia,Southern Asia
Sri Lanka,LKA,2022,0.78,78,74144875098.05867,22181000,3342.7201252449695,37.7,2019.0,,,,,,Asia,Southern Asia
Lesotho,LSO,1990,0.479,168,596410263.7438493,1809696,329.5637851572028,56.0,1986.0,49.64866194140935,1986.0,59.33109756,9.6,4.66,Africa,Sub-Saharan Africa
Lesotho,LSO,2000,0.456,168,887291687.9207957,2003913,442.77954577908105,51.2,2002.0,66.33908974193461,2002.0,47.18297561,10.3,4.9,Africa,Sub-Saharan Africa
Lesotho,LSO,2010,0.47,168,2234754241.919178,1996251,1119.4755779304196,,,,,47.48341463,11.0,5.6,Africa,Sub-Saharan Africa
Lesotho,LSO,2015,0.508,168,2359686724.538286,2104611,1121.1985134251822,44.9,2017.0,27.224015077256343,2017.0,,10.6,6.1,Africa,Sub-Saharan Africa
Lesotho,LSO,2019,0.528,168,2390702295.827774,2209405,1082.0570677751584,44.9,2017.0,27.224015077256343,2017.0,,,,Africa,Sub-Saharan Africa
Lesotho,LSO,2020,0.53,168,2053338465.244617,2235727,918.420927619793,44.9,2017.0,27.224015077256343,2017.0,,,,Africa,Sub-Saharan Africa
Lesotho,LSO,2021,0.522,168,2406780518.528112,2261542,1064.221013153022,44.9,2017.0,27.224015077256343,2017.0,,,,Africa,Sub-Saharan Africa
Lesotho,LSO,2022,0.521,168,2289355249.401483,2286110,1001.4195508534074,44.9,2017.0,27.224015077256343,2017.0,,,,Africa,Sub-Saharan Africa
Lithuania,LTU,1990,0.74,37,,3697838,,33.2,1993.0,6.60599455393293,1993.0,71.16073171,12.8,8.25,Europe,Northern Europe
Lithuania,LTU,2000,0.769,37,11524776866.637894,3499536,3293.2299786708563,31.7,2000.0,0.2452417532638499,2000.0,72.0195122,14.6,10.7,Europe,Northern Europe
Lithuania,LTU,2010,0.846,37,37128694028.24299,3097282,11987.508411647046,33.6,2010.0,1.53433991936687,2010.0,73.26829268,16.8,11.6,Europe,Northern Europe
Lithuania,LTU,2015,0.865,37,41435533340.38826,2911109,14233.590477164635,37.4,2015.0,0.7198586038377599,2015.0,,16.1,13.0,Europe,Northern Europe
Lithuania,LTU,2019,0.886,37,54808531641.41168,2811089,19497.25947538896,35.3,2019.0,0.5479296562313,2019.0,,,,Europe,Northern Europe
Lithuania,LTU,2020,0.88,37,56964942999.365135,2810369,20269.559975706085,36.0,2020.0,0.5479296562313,2019.0,,,,Europe,Northern Europe
Lithuania,LTU,2021,0.875,37,66798933785.77024,2808380,23785.5752375997,36.7,2021.0,0.5479296562313,2019.0,,,,Europe,Northern Europe
Lithuania,LTU,2022,0.879,37,71013953448.20845,2831639,25078.745365566887,36.6,2022.0,0.5479296562313,2019.0,,,,Europe,Northern Europe
Luxembourg,LUX,1990,0.793,20,12778792853.693869,381850,33465.478207919,27.7,1990.0,0.0,1991.0,75.00992683,11.1,8.92,Europe,Western Europe
Luxembourg,LUX,2000,0.864,20,21230182989.303574,436300,48659.59887532334,30.1,2000.0,0.0,2000.0,77.87317073,13.4,10.3,Europe,Western Europe
Luxembourg,LUX,2010,0.912,20,56213985987.41678,506953,110885.99137872107,30.5,2010.0,0.0,2010.0,80.63170732,13.9,11.8,Europe,Western Europe
Luxembourg,LUX,2015,0.914,20,60071584216.13747,569604,105462.01258442263,32.9,2015.0,0.30012452282908,2015.0,,14.0,12.0,Europe,Western Europe
Luxembourg,LUX,2019,0.925,20,69890505323.5842,620001,112726.43967281375,34.2,2019.0,0.10118747105832,2019.0,,,,Europe,Western Europe
Luxembourg,LUX,2020,0.921,20,73699366700.21344,630419,116905.37039685264,33.4,2020.0,0.10118747105832,2019.0,,,,Europe,Western Europe
Luxembourg,LUX,2021,0.927,20,85584105993.87459,640064,133711.79443598544,32.7,2021.0,0.10118747105832,2019.0,,,,Europe,Western Europe
Luxembourg,LUX,2022,0.927,20,81641807865.75908,653103,125006.02181548558,34.1,2022.0,0.10118747105832,2019.0,,,,Europe,Western Europe
Latvia,LVA,1990,0.732,37,,2663151,,27.0,1993.0,0.0,1993.0,69.27317073,12.7,7.56,Europe,Northern Europe
Latvia,LVA,2000,0.761,37,7958852838.933951,2367550,3361.6408688027504,33.3,1998.0,1.62040573119944,1998.0,70.31463415,14.1,9.5,Europe,Northern Europe
Latvia,LVA,2010,0.827,37,23956163076.55748,2097555,11420.994003283575,35.0,2010.0,1.63601460600722,2010.0,73.48292683,15.6,12.5,Europe,Northern Europe
Latvia,LVA,2015,0.853,37,27263090547.061707,1977527,13786.45679531137,34.2,2015.0,0.61625089319896,2015.0,,15.8,12.8,Europe,Northern Europe
Latvia,LVA,2019,0.873,37,34225547537.07445,1913822,17883.349411321666,34.5,2019.0,0.2391007969040499,2019.0,,,,Europe,Northern Europe
Latvia,LVA,2020,0.873,37,34390910338.9604,1900449,18096.202707339373,35.7,2020.0,0.2391007969040499,2019.0,,,,Europe,Northern Europe
Latvia,LVA,2021,0.865,37,39443126174.43347,1884490,20930.398237418864,34.3,2021.0,0.2391007969040499,2019.0,,,,Europe,Northern Europe
Latvia,LVA,2022,0.879,37,40422521943.44179,1879383,21508.400333216694,33.7,2022.0,0.2391007969040499,2019.0,,,,Europe,Northern Europe
Morocco,MAR,1990,0.448,120,30179954774.98992,24375551,1238.1240028169998,39.2,1990.0,4.72880216028698,1990.0,64.683,6.5,2.11,Africa,Northern Africa
Morocco,MAR,2000,0.525,120,43017455401.844536,28423435,1513.4502709417259,40.6,2000.0,5.827486575433221,2000.0,68.13858537,8.5,3.4,Africa,Northern Africa
Morocco,MAR,2010,0.604,120,100865329473.43983,32467016,3106.7015667051087,39.5,2013.0,1.44311011539477,2013.0,70.17158537,11.1,4.2,Africa,Northern Africa
Morocco,MAR,2015,0.656,120,110413823841.59187,34607588,3190.451291826286,39.5,2013.0,0.92318832090302,2013.0,,12.3,5.0,Africa,Northern Africa
Morocco,MAR,2019,0.684,120,128920266409.4575,36210898,3560.261510483874,,,,,,,,Africa,Northern Africa
Morocco,MAR,2020,0.683,120,121353645057.14368,36584208,3317.104611288665,,,,,,,,Africa,Northern Africa
Morocco,MAR,2021,0.688,120,141817797083.46814,36954442,3837.6387088585493,,,,,,,,Africa,Northern Africa
Morocco,MAR,2022,0.698,120,130912558829.8398,37329064,3506.9874462922457,,,,,,,,Africa,Northern Africa
Moldova (Republic of),MDA,1990,0.688,86,3571250000.0,2977912,1199.2463175540445,,,,,67.46565854,12.0,8.09,Europe,Eastern Europe
Moldova (Republic of),MDA,2000,0.655,86,1288429391.7995076,2924668,440.53868398037235,36.4,2000.0,31.08438050607215,2000.0,66.898,11.4,9.0,Europe,Eastern Europe
Moldova (Republic of),MDA,2010,0.716,86,6974982369.601547,2862354,2436.7993510242086,32.1,2010.0,0.51149055021106,2010.0,68.45812195,11.8,11.1,Europe,Eastern Europe
Moldova (Republic of),MDA,2015,0.749,86,7797667196.730872,2835978,2749.5513705433796,27.0,2015.0,0.0312092438793484,2015.0,,11.6,11.6,Europe,Eastern Europe
Moldova (Republic of),MDA,2019,0.773,86,11736797054.696486,2664224,4405.334181621547,26.0,2019.0,0.0286451385575355,2019.0,,,,Europe,Eastern Europe
Moldova (Republic of),MDA,2020,0.765,86,11530746234.44918,2635130,4375.778893052404,25.7,2021.0,0.0286451385575355,2019.0,,,,Europe,Eastern Europe
Moldova (Republic of),MDA,2021,0.767,86,13691869264.079351,2595809,5274.6058219535225,25.7,2021.0,0.0286451385575355,2019.0,,,,Europe,Eastern Europe
Moldova (Republic of),MDA,2022,0.763,86,14510490660.251604,2528654,5738.424735156175,25.9,2022.0,0.0286451385575355,2019.0,,,,Europe,Eastern Europe
Madagascar,MDG,2000,0.438,177,4629247203.84524,16516338,280.28290555964884,38.6,1999.0,63.91705563951565,1999.0,58.47280488,8.2,5.2,Africa,Sub-Saharan Africa
Madagascar,MDG,2010,0.488,177,9982711338.07029,22183340,450.00939164572554,42.4,2010.0,78.17717362000043,2010.0,63.34973171,10.2,6.0,Africa,Sub-Saharan Africa
Madagascar,MDG,2015,0.499,177,11323020701.301683,25426702,445.32006948056744,42.5,2012.0,80.73005790101064,2012.0,,10.6,6.1,Africa,Sub-Saharan Africa
Madagascar,MDG,2019,0.498,177,14104664678.506332,28219554,499.8188376225341,,,,,,,,Africa,Sub-Saharan Africa
Madagascar,MDG,2020,0.486,177,13051441203.947355,28953556,450.77161520150946,,,,,,,,Africa,Sub-Saharan Africa
Madagascar,MDG,2021,0.484,177,14554754116.542671,29691083,490.20623857144824,,,,,,,,Africa,Sub-Saharan Africa
Madagascar,MDG,2022,0.487,177,15302510500.052752,30437261,502.75583272925746,,,,,,,,Africa,Sub-Saharan Africa
Maldives,MDV,2000,0.635,87,624337145.284622,282019,2213.8123505317794,41.3,2002.0,6.51092499464134,2002.0,69.46160976,11.8,3.0,Asia,Southern Asia
Maldives,MDV,2010,0.692,87,2588176054.6875,360792,7173.596018446917,38.4,2009.0,3.77289601660928,2009.0,76.78631707,11.9,4.9,Asia,Southern Asia
Maldives,MDV,2015,0.728,87,4129505319.129205,428154,9644.906550281454,31.3,2016.0,0.0,2016.0,,12.7,6.3,Asia,Southern Asia
Maldives,MDV,2019,0.753,87,5726094799.377091,487731,11740.272402978468,29.3,2019.0,0.0,2019.0,,,,Asia,Southern Asia
Maldives,MDV,2020,0.737,87,3712604583.366653,502118,7393.888654393296,29.3,2019.0,0.0,2019.0,,,,Asia,Southern Asia
Maldives,MDV,2021,0.753,87,5254366312.276479,516154,10179.842280165374,29.3,2019.0,0.0,2019.0,,,,Asia,Southern Asia
Maldives,MDV,2022,0.762,87,6170638746.313763,524106,11773.646449981039,29.3,2019.0,0.0,2019.0,,,,Asia,Southern Asia
Mexico,MEX,1990,0.666,77,261253675692.83783,82820170,3154.4692034903796,50.1,1989.0,9.05351449414161,1989.0,70.79573171,10.6,5.56,Americas,Latin America and the Caribbean
Mexico,MEX,2000,0.709,77,742061329643.3695,98625552,7524.02713693678,53.4,2000.0,8.92351087110881,2000.0,74.26526829,11.7,6.7,Americas,Latin America and the Caribbean
Mexico,MEX,2010,0.747,77,1105424238731.0928,113623895,9728.800783770816,47.7,2010.0,4.51837995938903,2010.0,76.69029268,12.8,8.0,Americas,Latin America and the Caribbean
Mexico,MEX,2015,0.769,77,1213294467716.8804,121072306,10021.238611882723,46.9,2016.0,3.23101414043798,2016.0,,13.7,8.6,Americas,Latin America and the Caribbean
Mexico,MEX,2019,0.781,77,1305211135822.6147,125762982,10378.341186459898,44.6,2020.0,3.1000052180539,2020.0,,,,Americas,Latin America and the Caribbean
Mexico,MEX,2020,0.757,77,1120832412468.8489,126799054,8839.438285311253,44.6,2020.0,3.1000052180539,2020.0,,,,Americas,Latin America and the Caribbean
Mexico,MEX,2021,0.757,77,1313069763986.597,127648148,10286.633880395953,43.5,2022.0,3.1000052180539,2020.0,,,,Americas,Latin America and the Caribbean
Mexico,MEX,2022,0.781,77,1463323889036.5598,128613117,11377.718876345714,43.5,2022.0,3.1000052180539,2020.0,,,,Americas,Latin America and the Caribbean
Marshall Islands,MHL,2015,0.688,102,183222930.908203,48800,3754.568256315635,35.5,2019.0,0.8083783537712,2019.0,,,10.8,Oceania,Micronesia
Marshall Islands,MHL,2019,0.722,102,231996704.101563,44007,5271.8136683155635,35.5,2019.0,0.8083783537712,2019.0,,,,Oceania,Micronesia
Marshall Islands,MHL,2020,0.727,102,240751144.40918,42706,5637.407961625532,35.5,2019.0,0.8083783537712,2019.0,,,,Oceania,Micronesia
Marshall Islands,MHL,2021,0.729,102,257784881.591797,41367,6231.655222563807,35.5,2019.0,0.8083783537712,2019.0,,,,Oceania,Micronesia
Marshall Islands,MHL,2022,0.731,102,258774475.097656,40077,6456.932282797016,35.5,2019.0,0.8083783537712,2019.0,,,,Oceania,Micronesia
North Macedonia,MKD,2000,0.676,83,3772859034.205079,2026350,1861.8989978064396,34.3,2000.0,5.2176625654673,2000.0,73.24219512,11.8,6.5,Europe,Southern Europe
North Macedonia,MKD,2010,0.746,83,9407170321.377522,1946298,4833.365867599679,40.1,2010.0,10.44822687751551,2010.0,74.72214634,12.9,9.1,Europe,Southern Europe
North Macedonia,MKD,2015,0.777,83,10064519962.565548,1912430,5262.686719286744,35.6,2015.0,5.53892588202094,2015.0,,13.3,9.6,Europe,Southern Europe
North Macedonia,MKD,2019,0.787,83,12606338448.546968,1876262,6718.858266354576,33.5,2019.0,3.39855634834071,2018.0,,,,Europe,Southern Europe
North Macedonia,MKD,2020,0.766,83,12361036913.840923,1856124,6659.596510707756,33.5,2019.0,3.39855634834071,2018.0,,,,Europe,Southern Europe
North Macedonia,MKD,2021,0.764,83,14000283827.01538,1837114,7620.802969775083,33.5,2019.0,3.39855634834071,2018.0,,,,Europe,Southern Europe
North Macedonia,MKD,2022,0.765,83,13711469681.153498,1831712,7485.603457941804,33.5,2019.0,3.39855634834071,2018.0,,,,Europe,Southern Europe
Mali,MLI,1990,0.236,188,2681912148.6984205,9178830,292.1845320916087,50.1,1994.0,85.29561211723816,1994.0,46.46470732,2.1,0.72,Africa,Sub-Saharan Africa
Mali,MLI,2000,0.315,188,2961484953.8644366,11559290,256.19955497824145,39.9,2001.0,57.15224035031918,2001.0,49.0554878,4.6,1.2,Africa,Sub-Saharan Africa
Mali,MLI,2010,0.406,188,10689168016.261272,15945198,670.3690989764613,33.0,2009.0,48.17214135519767,2009.0,53.77073171,7.6,2.0,Africa,Sub-Saharan Africa
Mali,MLI,2015,0.409,188,13104764378.325953,18593022,704.8216464395058,36.0,2018.0,16.330585381424,2018.0,,7.5,2.3,Africa,Sub-Saharan Africa
Mali,MLI,2019,0.421,188,17280250810.032135,21068405,820.1973908339115,36.0,2018.0,16.330585381424,2018.0,,,,Africa,Sub-Saharan Africa
Mali,MLI,2020,0.407,188,17465392764.370636,21713836,804.3439567458572,35.7,2021.0,16.330585381424,2018.0,,,,Africa,Sub-Saharan Africa
Mali,MLI,2021,0.408,188,19309463508.03768,22388630,862.4674001061111,35.7,2021.0,16.330585381424,2018.0,,,,Africa,Sub-Saharan Africa
Mali,MLI,2022,0.41,188,18780322203.7584,23072640,813.965034073188,35.7,2021.0,16.330585381424,2018.0,,,,Africa,Sub-Saharan Africa
Malta,MLT,1990,0.726,25,2547163582.331487,354170,7191.9236025961745,,,,,75.17578049,12.9,8.03,Europe,Southern Europe
Malta,MLT,2000,0.779,25,4069515556.78692,390087,10432.328062167979,,,,,78.2,13.7,8.1,Europe,Southern Europe
Malta,MLT,2010,0.862,25,9035824366.00804,414508,21798.914293591533,29.0,2010.0,0.21927387113008,2010.0,81.39756098,15.3,10.3,Europe,Southern Europe
Malta,MLT,2015,0.887,25,11091483659.615578,444220,24968.447300021562,29.4,2015.0,0.0843779645902149,2015.0,,15.7,11.2,Europe,Southern Europe
Malta,MLT,2019,0.905,25,16004563885.7539,503912,31760.632582184786,31.0,2019.0,0.30468177918413,2019.0,,,,Europe,Southern Europe
Malta,MLT,2020,0.901,25,15249999048.02971,515490,29583.501228015502,31.4,2020.0,0.30468177918413,2019.0,,,,Europe,Southern Europe
Malta,MLT,2021,0.912,25,18123718946.600567,518150,34977.745723440254,31.6,2021.0,0.30468177918413,2019.0,,,,Europe,Southern Europe
Malta,MLT,2022,0.915,25,18357069272.76817,531113,34563.39662702319,34.6,2022.0,0.30468177918413,2019.0,,,,Europe,Southern Europe
Myanmar,MMR,1990,0.333,144,2115193513.2955616,39817251,53.12254010945059,,,,,58.69517073,6.1,2.43,Asia,South-eastern Asia
Myanmar,MMR,2000,0.407,144,8905066163.586428,45290841,196.61958062528421,,,,,62.02421951,7.8,3.1,Asia,South-eastern Asia
Myanmar,MMR,2010,0.506,144,49540813342.4834,49024382,1010.5341734340149,38.1,2015.0,4.76562743410245,2015.0,64.583,9.2,4.1,Asia,South-eastern Asia
Myanmar,MMR,2015,0.557,144,59607290407.61913,51089056,1166.7330554633684,38.1,2015.0,4.76562743410245,2015.0,,9.9,4.9,Asia,South-eastern Asia
Myanmar,MMR,2019,0.608,144,75065106227.6892,52640713,1425.9895421190286,30.7,2017.0,1.9911567309483305,2017.0,,,,Asia,South-eastern Asia
Myanmar,MMR,2020,0.615,144,79006113643.19055,53016522,1490.2168354836733,30.7,2017.0,1.9911567309483305,2017.0,,,,Asia,South-eastern Asia
Myanmar,MMR,2021,0.599,144,66345291160.16825,53387102,1242.7213441959868,30.7,2017.0,1.36402578815915,2017.0,,,,Asia,South-eastern Asia
Myanmar,MMR,2022,0.608,144,62253049891.64494,53756787,1158.0500503433166,30.7,2017.0,1.36402578815915,2017.0,,,,Asia,South-eastern Asia
Montenegro,MNE,2010,0.806,50,4142983843.491195,619428,6688.402596413458,28.9,2010.0,0.0,2010.0,74.41673171,15.1,11.1,Europe,Southern Europe
Montenegro,MNE,2015,0.827,50,4054730077.577178,624651,6491.192806186459,39.0,2015.0,1.34577129646171,2015.0,,14.9,11.3,Europe,Southern Europe
Montenegro,MNE,2019,0.841,50,5542054181.126162,626753,8842.485287068688,35.7,2019.0,2.88281163428192,2018.0,,,,Europe,Southern Europe
Montenegro,MNE,2020,0.832,50,4769996866.007579,626590,7612.6284588129065,35.4,2020.0,2.88281163428192,2018.0,,,,Europe,Southern Europe
Montenegro,MNE,2021,0.84,50,5861427505.124932,625053,9377.488797149894,34.3,2021.0,2.8398329979515897,2018.0,,,,Europe,Southern Europe
Montenegro,MNE,2022,0.844,50,6229801580.791574,623591,9990.204446169962,34.3,2021.0,2.8398329979515897,2018.0,,,,Europe,Southern Europe
Mongolia,MNG,1990,0.579,96,2560785660.0,2098710,1220.1712766413655,33.2,1995.0,12.116953124999991,1995.0,60.27034146,10.2,7.69,Asia,Eastern Asia
Mongolia,MNG,2000,0.595,96,1136896123.6129804,2388299,476.02755082717044,30.3,1998.0,24.424135748832025,1998.0,62.92370732,9.4,8.2,Asia,Eastern Asia
Mongolia,MNG,2010,0.7,96,7189481998.900941,2738622,2625.2188140243306,33.1,2010.0,0.73226037529998,2010.0,66.89460976,14.6,9.5,Asia,Eastern Asia
Mongolia,MNG,2015,0.739,96,11619892590.694118,3026864,3838.921269899843,32.0,2014.0,0.32755224635199,2014.0,,15.0,10.1,Asia,Eastern Asia
Mongolia,MNG,2019,0.749,96,14206359017.514322,3267673,4347.54610314873,32.7,2018.0,0.71158558194555,2018.0,,,,Asia,Eastern Asia
Mongolia,MNG,2020,0.74,96,13312981429.08905,3327204,4001.251930777028,32.7,2018.0,0.71158558194555,2018.0,,,,Asia,Eastern Asia
Mongolia,MNG,2021,0.73,96,15286441737.668615,3383741,4517.61578018785,31.4,2022.0,0.71158558194555,2018.0,,,,Asia,Eastern Asia
Mongolia,MNG,2022,0.741,96,17146471713.748024,3433748,4993.514874634954,31.4,2022.0,0.49451709853643,2018.0,,,,Asia,Eastern Asia
Mozambique,MOZ,1990,0.239,183,,13094537,,,,,,43.57931707,3.7,0.83,Africa,Sub-Saharan Africa
Mozambique,MOZ,2000,0.303,183,5930685214.615951,18129653,327.1262397915697,46.9,2002.0,79.81404664131583,2002.0,47.42541463,5.8,2.2,Africa,Sub-Saharan Africa
Mozambique,MOZ,2010,0.407,183,11411894723.864029,22999235,496.1858393926593,45.5,2008.0,70.79581804815527,2008.0,49.13707317,9.6,3.2,Africa,Sub-Saharan Africa
Mozambique,MOZ,2015,0.445,183,16208985769.614956,26547572,610.5637747065892,54.0,2014.0,63.68098596647977,2014.0,,9.7,3.5,Africa,Sub-Saharan Africa
Mozambique,MOZ,2019,0.465,183,15512758964.577944,29884380,519.0925481665654,50.3,2019.0,63.68098596647977,2014.0,,,,Africa,Sub-Saharan Africa
Mozambique,MOZ,2020,0.467,183,14235420174.181255,30783688,462.433876479688,50.3,2019.0,,,,,,Africa,Sub-Saharan Africa
Mozambique,MOZ,2021,0.459,183,16168055475.085009,31707800,509.9078294642015,50.3,2019.0,,,,,,Africa,Sub-Saharan Africa
Mozambique,MOZ,2022,0.461,183,18406835494.94681,32656246,563.6543617091447,50.3,2019.0,,,,,,Africa,Sub-Saharan Africa
Mauritania,MRT,1990,0.397,164,1506914407.8204668,1951878,772.0330921402192,43.9,1987.0,40.03980963197295,1987.0,58.38612195,3.7,2.23,Africa,Sub-Saharan Africa
Mauritania,MRT,2000,0.461,164,1779520886.4701493,2613441,680.9110618797781,39.0,2000.0,21.48799949358974,2000.0,59.67292683,6.5,3.0,Africa,Sub-Saharan Africa
Mauritania,MRT,2010,0.508,164,5628878797.982574,3390965,1659.9636970545478,35.7,2008.0,11.84261221885725,2008.0,61.0232439,7.6,3.8,Africa,Sub-Saharan Africa
Mauritania,MRT,2015,0.536,164,6166863896.686766,3965959,1554.9489787178247,32.6,2014.0,5.96512250596277,2014.0,,8.6,4.3,Africa,Sub-Saharan Africa
Mauritania,MRT,2019,0.552,164,7894764885.823116,4467708,1767.0727106209977,32.0,2019.0,5.96512250596277,2014.0,,,,Africa,Sub-Saharan Africa
Mauritania,MRT,2020,0.539,164,8260752385.230893,4600131,1795.7645956671436,32.0,2019.0,,,,,,Africa,Sub-Saharan Africa
Mauritania,MRT,2021,0.538,164,9222536364.012722,4734874,1947.789183833133,32.0,2019.0,,,,,,Africa,Sub-Saharan Africa
Mauritania,MRT,2022,0.54,164,9744039514.556463,4875637,1998.5161968695502,32.0,2019.0,,,,,,Africa,Sub-Saharan Africa
Mauritius,MUS,1990,0.62,72,2689212760.181847,1058775,2539.9284646708197,,,,,69.40487805,10.5,5.7,Africa,Sub-Saharan Africa
Mauritius,MUS,2000,0.682,72,4726108622.476615,1186873,3981.983432495823,,,,,71.66341463,12.2,6.2,Africa,Sub-Saharan Africa
Mauritius,MUS,2010,0.755,72,10003670690.349655,1250400,8000.376431821541,38.5,2012.0,0.4123899017222799,2012.0,72.96731707,14.1,8.2,Africa,Sub-Saharan Africa
Mauritius,MUS,2015,0.791,72,12007291045.648909,1262879,9507.871336564238,36.8,2017.0,0.12531370909147,2017.0,,15.1,9.1,Africa,Sub-Saharan Africa
Mauritius,MUS,2019,0.806,72,14436346979.63554,1265985,11403.252787067413,36.8,2017.0,0.20992926021087,2017.0,,,,Africa,Sub-Saharan Africa
Mauritius,MUS,2020,0.792,72,11408106446.31438,1266014,9011.042884450235,36.8,2017.0,0.20992926021087,2017.0,,,,Africa,Sub-Saharan Africa
Mauritius,MUS,2021,0.79,72,11484348766.043385,1266334,9068.972929766858,36.8,2017.0,0.20992926021087,2017.0,,,,Africa,Sub-Saharan Africa
Mauritius,MUS,2022,0.796,72,12927979286.045298,1262523,10239.797046109496,36.8,2017.0,0.20992926021087,2017.0,,,,Africa,Sub-Saharan Africa
Malawi,MWI,1990,0.299,172,2737087861.608868,9545852,286.73059896684634,,,,,47.11682927,5.4,2.45,Africa,Sub-Saharan Africa
Malawi,MWI,2000,0.378,172,2537307580.328084,11315942,224.22415918428038,65.8,1997.0,62.43081326393282,1997.0,46.03421951,9.9,3.0,Africa,Sub-Saharan Africa
Malawi,MWI,2010,0.461,172,10128323010.604923,14826463,683.1246947167995,45.5,2010.0,68.42151117380895,2010.0,53.46570732,10.3,4.3,Africa,Sub-Saharan Africa
Malawi,MWI,2015,0.498,172,9219474379.315342,17085587,539.605363240686,44.7,2016.0,65.7357230818722,2016.0,,10.7,4.4,Africa,Sub-Saharan Africa
Malawi,MWI,2019,0.514,172,11077305329.641691,19025752,582.2269379755235,38.5,2019.0,70.06059873873986,2019.0,,,,Africa,Sub-Saharan Africa
Malawi,MWI,2020,0.512,172,12041250083.882849,19533888,616.4287459763693,38.5,2019.0,70.06059873873986,2019.0,,,,Africa,Sub-Saharan Africa
Malawi,MWI,2021,0.509,172,12580922008.209608,20047258,627.5632312513566,38.5,2019.0,70.06059873873986,2019.0,,,,Africa,Sub-Saharan Africa
Malawi,MWI,2022,0.508,172,13129458325.73793,20568728,638.3213549101301,38.5,2019.0,73.5238922554378,2019.0,,,,Africa,Sub-Saharan Africa
Malaysia,MYS,1990,0.649,63,44024585239.61366,17833171,2468.6908032011615,46.2,1989.0,2.2434399414062502,1989.0,70.7574878,9.7,6.53,Asia,South-eastern Asia
Malaysia,MYS,2000,0.726,63,93789736842.10529,22967816,4083.5287448360473,49.1,1997.0,0.4066491699218699,1997.0,72.85141463,11.9,8.6,Asia,South-eastern Asia
Malaysia,MYS,2010,0.768,63,255017638455.5897,28655776,8899.34505544675,43.9,2011.0,0.13992568037886,2011.0,74.49558537,13.0,9.8,Asia,South-eastern Asia
Malaysia,MYS,2015,0.792,63,301355266964.9473,31232798,9648.679793752302,41.1,2015.0,0.0190366539632926,2015.0,,13.5,10.2,Asia,South-eastern Asia
Malaysia,MYS,2019,0.805,63,365177721021.5161,33440596,10920.191763972032,41.2,2018.0,0.0119646072340402,2015.0,,,,Asia,South-eastern Asia
Malaysia,MYS,2020,0.802,63,337456163961.2112,33889558,9957.526266976134,40.7,2021.0,0.0119646072340402,2015.0,,,,Asia,South-eastern Asia
Malaysia,MYS,2021,0.798,63,373832428055.4486,34282399,10904.500238021517,40.7,2021.0,,,,,,Asia,South-eastern Asia
Malaysia,MYS,2022,0.807,63,407027451714.616,34695493,11731.421476403752,40.7,2021.0,,,,,,Asia,South-eastern Asia
Namibia,NAM,1990,0.595,142,2789921853.3765235,1369303,2037.4758934848778,71.1,1993.0,51.55974771063296,1993.0,61.22495122,11.1,5.59,Africa,Sub-Saharan Africa
Namibia,NAM,2000,0.549,142,3922232164.831751,1818647,2156.675905127136,63.3,2003.0,35.861524602286686,2003.0,55.12070732,11.7,5.6,Africa,Sub-Saharan Africa
Namibia,NAM,2010,0.584,142,11431412421.13161,2109811,5418.216333658139,61.0,2009.0,26.944029857346607,2009.0,62.48029268,11.9,6.2,Africa,Sub-Saharan Africa
Namibia,NAM,2015,0.627,142,11335161083.506102,2374300,4774.106508657753,59.1,2015.0,13.789398292065,2015.0,,12.3,6.7,Africa,Sub-Saharan Africa
Namibia,NAM,2019,0.638,142,12541928102.765703,2650494,4731.920956155986,59.1,2015.0,13.789398292065,2015.0,,,,Africa,Sub-Saharan Africa
Namibia,NAM,2020,0.634,142,10583748541.525812,2728762,3878.589829939662,59.1,2015.0,13.789398292065,2015.0,,,,Africa,Sub-Saharan Africa
Namibia,NAM,2021,0.616,142,12402486183.639605,2810548,4412.835569305204,,,,,,,,Africa,Sub-Saharan Africa
Namibia,NAM,2022,0.61,142,12567271004.676125,2889662,4349.045322489663,,,,,,,,Africa,Sub-Saharan Africa
Niger,NER,1990,0.212,189,3512356507.885992,8286059,423.887460599302,36.0,1992.0,78.54653564453125,1992.0,43.95119512,2.1,0.69,Africa,Sub-Saharan Africa
Niger,NER,2000,0.26,189,2241753192.8115754,11509630,194.77195989893465,44.4,2005.0,80.50121394024882,2005.0,50.70590244,2.9,1.1,Africa,Sub-Saharan Africa
Niger,NER,2010,0.336,189,7851192502.309172,16548835,474.4256923408307,31.5,2011.0,60.559054721323534,2011.0,56.98563415,4.7,1.4,Africa,Sub-Saharan Africa
Niger,NER,2015,0.367,189,9683867926.442823,19939498,485.6625741752788,34.3,2014.0,45.39609138261991,2014.0,,5.3,1.8,Africa,Sub-Saharan Africa
Niger,NER,2019,0.39,189,12889555561.22991,22947757,561.6913043496979,37.3,2018.0,50.63352560069884,2018.0,,,,Africa,Sub-Saharan Africa
Niger,NER,2020,0.391,189,13744653103.057987,23717613,579.5124957582361,32.9,2021.0,41.35425170848051,2018.0,,,,Africa,Sub-Saharan Africa
Niger,NER,2021,0.389,189,14915002436.069023,24502140,608.7224395938078,32.9,2021.0,41.35425170848051,2018.0,,,,Africa,Sub-Saharan Africa
Niger,NER,2022,0.394,189,15433852712.296335,25311973,609.7451475748783,32.9,2021.0,41.35425170848051,2018.0,,,,Africa,Sub-Saharan Africa
Nigeria,NGA,2010,0.488,161,366990417129.0396,166642886,2202.25672957344,35.7,2010.0,34.88532810549715,2010.0,51.28941463,8.4,5.2,Africa,Sub-Saharan Africa
Nigeria,NGA,2015,0.52,161,493026682800.6295,190671878,2585.733606717974,35.9,2015.0,40.74876099863421,2015.0,,10.0,6.0,Africa,Sub-Saharan Africa
Nigeria,NGA,2019,0.537,161,474517490844.461,209485641,2265.1552086305574,35.1,2018.0,30.86329835112231,2018.0,,,,Africa,Sub-Saharan Africa
Nigeria,NGA,2020,0.539,161,432198898467.79486,213996181,2019.6570632622404,35.1,2018.0,30.86329835112231,2018.0,,,,Africa,Sub-Saharan Africa
Nigeria,NGA,2021,0.542,161,440838992188.478,218529286,2017.2993755559062,35.1,2018.0,39.08520868720246,2018.0,,,,Africa,Sub-Saharan Africa
Nigeria,NGA,2022,0.548,161,472624596925.9383,223150896,2117.9596649521777,35.1,2018.0,39.08520868720246,2018.0,,,,Africa,Sub-Saharan Africa
Nicaragua,NIC,1990,0.487,130,1110472675.656494,4162559,266.77644104419755,57.1,1993.0,21.77827702238177,1993.0,64.135,7.7,4.09,Americas,Latin America and the Caribbean
Nicaragua,NIC,2000,0.563,130,5109583827.378512,5022633,1017.3118018733426,52.9,2001.0,17.55998939055217,2001.0,69.64658537,10.4,5.1,Americas,Latin America and the Caribbean
Nicaragua,NIC,2010,0.611,130,8758592272.105785,5737450,1526.5653333982493,43.9,2009.0,7.417797565520081,2009.0,73.79512195,11.5,6.0,Americas,Latin America and the Caribbean
Nicaragua,NIC,2015,0.644,130,12756706583.31132,6149417,2074.457884920037,46.2,2014.0,3.40828792119072,2014.0,,12.1,6.5,Americas,Latin America and the Caribbean
Nicaragua,NIC,2019,0.661,130,12699046244.607012,6483657,1958.6240056509794,46.2,2014.0,3.40828792119072,2014.0,,,,Americas,Latin America and the Caribbean
Nicaragua,NIC,2020,0.652,130,12681548303.685562,6565267,1931.6119669901561,,,,,,,,Americas,Latin America and the Caribbean
Nicaragua,NIC,2021,0.665,130,14144067555.656649,6644741,2128.6108150275004,,,,,,,,Americas,Latin America and the Caribbean
Nicaragua,NIC,2022,0.669,130,15649934214.927635,6730654,2325.1728903205594,,,,,,,,Americas,Latin America and the Caribbean
Netherlands,NLD,1990,0.847,10,318330511920.6099,14951510,21290.860382704483,31.1,1990.0,0.95273078980611,1990.0,76.87804878,14.7,10.34,Europe,Western Europe
Netherlands,NLD,2000,0.892,10,417479337444.7068,15925513,26214.498549887016,28.1,1999.0,0.2028983038375,1999.0,77.98780488,16.6,10.8,Europe,Western Europe
Netherlands,NLD,2010,0.917,10,847380859016.6683,16615394,50999.74511688789,27.8,2010.0,0.0474389073876713,2010.0,80.70243902,17.0,12.0,Europe,Western Europe
Netherlands,NLD,2015,0.932,10,765572770634.3746,16939923,45193.40321879707,28.2,2015.0,0.0527771855997785,2015.0,,18.1,12.1,Europe,Western Europe
Netherlands,NLD,2019,0.941,10,910194347568.626,17344874,52476.273253332714,29.2,2019.0,0.0957287045603752,2019.0,,,,Europe,Western Europe
Netherlands,NLD,2020,0.938,10,909793466661.4812,17441500,52162.57011504063,26.0,2020.0,0.0957287045603752,2019.0,,,,Europe,Western Europe
Netherlands,NLD,2021,0.941,10,1029678338329.4408,17533044,58727.870547147475,25.7,2021.0,0.0957287045603752,2019.0,,,,Europe,Western Europe
Netherlands,NLD,2022,0.946,10,1009398719033.078,17700982,57025.01245598001,25.7,2021.0,0.0957287045603752,2019.0,,,,Europe,Western Europe
Norway,NOR,1990,0.845,2,119791843059.57156,4241473,28242.981402821984,25.2,1991.0,0.4752488513117899,1991.0,76.53731707,14.0,10.47,Europe,Northern Europe
Norway,NOR,2000,0.914,2,171457201935.96765,4490967,38178.23687770755,27.4,2000.0,0.23508182941055,2000.0,78.63414634,17.5,12.0,Europe,Northern Europe
Norway,NOR,2010,0.938,2,431052143940.4382,4889252,88163.2085931423,25.7,2010.0,0.15098813799734,2010.0,80.99756098,17.6,12.7,Europe,Northern Europe
Norway,NOR,2015,0.952,2,388159512245.53046,5188607,74809.96580498976,27.5,2015.0,0.14778394919052,2015.0,,17.7,12.5,Europe,Northern Europe
Norway,NOR,2019,0.961,2,408742840909.0909,5347896,76430.58894733385,27.7,2019.0,0.15653396366021,2019.0,,,,Europe,Northern Europe
Norway,NOR,2020,0.963,2,367633418886.62726,5379475,68340.01810337017,28.4,2020.0,0.15653396366021,2019.0,,,,Europe,Northern Europe
Norway,NOR,2021,0.964,2,503367986030.26776,5408320,93072.89251195709,29.1,2021.0,0.15653396366021,2019.0,,,,Europe,Northern Europe
Norway,NOR,2022,0.966,2,593726965415.6191,5457127,108798.45116590087,26.9,2022.0,0.15653396366021,2019.0,,,,Europe,Northern Europe
Nepal,NPL,1990,0.395,146,3627560239.489972,19524573,185.7946004499034,35.2,1995.0,55.155145037755645,1995.0,55.03643902,7.5,2.02,Asia,Southern Asia
Nepal,NPL,2000,0.461,146,5494252207.905025,24546509,223.8302891830779,43.8,2003.0,49.90263141926793,2003.0,62.04270732,9.0,2.4,Asia,Southern Asia
Nepal,NPL,2010,0.543,146,16002656434.474615,27341952,585.2784919845743,32.8,2010.0,14.98875094402615,2010.0,67.10492683,12.0,3.3,Asia,Southern Asia
Nepal,NPL,2015,0.568,146,24360801286.76381,27823629,875.5436354748624,32.8,2010.0,14.98875094402615,2010.0,,12.2,4.7,Asia,Southern Asia
Nepal,NPL,2019,0.598,146,34186180699.02548,28414064,1203.142947064013,30.0,2022.0,,,,,,Asia,Southern Asia
Nepal,NPL,2020,0.593,146,33433659301.24655,28966574,1154.215175783182,30.0,2022.0,,,,,,Asia,Southern Asia
Nepal,NPL,2021,0.591,146,36924841394.26049,29475010,1252.7507673198581,30.0,2022.0,,,,,,Asia,Southern Asia
Nepal,NPL,2022,0.601,146,41182939600.67002,29715436,1385.910662750162,30.0,2022.0,,,,,,Asia,Southern Asia
Nauru,NRU,2010,0.559,122,47562844.61042507,10043,4735.920005020917,32.4,2012.0,0.89188887433148,2012.0,,9.7,,Oceania,Micronesia
Nauru,NRU,2015,0.642,122,84863440.58019969,10954,7747.2558499360675,32.4,2012.0,0.89188887433148,2012.0,,10.4,,Oceania,Micronesia
Nauru,NRU,2019,0.68,122,125160115.54781868,11587,10801.770565963465,,,,,,,,Oceania,Micronesia
Nauru,NRU,2020,0.689,122,124685688.1610939,11643,10709.068810537998,,,,,,,,Oceania,Micronesia
Nauru,NRU,2021,0.693,122,175390280.69161984,11709,14979.09989679903,,,,,,,,Oceania,Micronesia
Nauru,NRU,2022,0.696,122,153824609.47051683,11801,13034.879202653743,,,,,,,,Oceania,Micronesia
New Zealand,NZL,1990,0.812,16,45495129385.04751,3329800,13663.021618429788,,,,,75.37804878,14.5,11.54,Oceania,Australia and New Zealand
New Zealand,NZL,2000,0.894,16,52623281956.70312,3857700,13641.102718382228,,,,,78.63658537,17.4,11.6,Oceania,Australia and New Zealand
New Zealand,NZL,2010,0.924,16,146517541181.254,4350700,33676.77412399246,,,,,80.70243902,19.8,12.0,Oceania,Australia and New Zealand
New Zealand,NZL,2015,0.933,16,178104220784.8812,4609400,38639.350194142666,,,,,,18.9,12.4,Oceania,Australia and New Zealand
New Zealand,NZL,2019,0.937,16,212846907683.439,4970300,42823.754639244915,,,,,,,,Oceania,Australia and New Zealand
New Zealand,NZL,2020,0.935,16,212697530897.5604,5072400,41932.32609761856,,,,,,,,Oceania,Australia and New Zealand
New Zealand,NZL,2021,0.936,16,253644079784.97665,5084600,49884.765720996074,,,,,,,,Oceania,Australia and New Zealand
New Zealand,NZL,2022,0.939,16,246733522841.35272,5081700,48553.34294455649,,,,,,,,Oceania,Australia and New Zealand
Oman,OMN,2000,0.702,59,19507452535.760727,2282131,8547.910937523186,,,,,72.35658537,10.7,5.3,Asia,Western Asia
Oman,OMN,2010,0.798,59,64993498049.414825,2757446,23570.179814732484,,,,,76.04580488,13.4,7.9,Asia,Western Asia
Oman,OMN,2015,0.824,59,78710793237.97139,4184895,18808.30779218389,,,,,,13.9,9.5,Asia,Western Asia
Oman,OMN,2019,0.841,59,88060858257.47723,4591241,19180.186415280146,,,,,,,,Asia,Western Asia
Oman,OMN,2020,0.823,59,75909397659.29779,4522497,16784.842015218095,,,,,,,,Asia,Western Asia
Oman,OMN,2021,0.81,59,88191977373.21198,4500424,19596.370780444682,,,,,,,,Asia,Western Asia
Oman,OMN,2022,0.819,59,114667360208.06242,4730226,24241.41261074258,,,,,,,,Asia,Western Asia
Pakistan,PAK,1990,0.394,164,40010423970.45763,116155576,344.45547384188967,33.2,1990.0,60.63177587240879,1990.0,61.18731707,4.6,2.28,Asia,Southern Asia
Pakistan,PAK,2000,0.434,164,99484802344.52766,154879127,642.3383464998977,28.7,2001.0,28.23665598174092,2001.0,63.88597561,5.4,3.3,Asia,Southern Asia
Pakistan,PAK,2010,0.496,164,196709621849.58615,199239047,987.3045711244852,28.8,2010.0,9.38186406245066,2010.0,66.12634146,7.5,4.7,Asia,Southern Asia
Pakistan,PAK,2015,0.525,164,299963590534.7735,217290883,1380.4702083831723,31.3,2015.0,5.11018829247651,2015.0,,8.2,5.1,Asia,Southern Asia
Pakistan,PAK,2019,0.537,164,320909472770.6687,230800899,1390.416909817447,29.6,2018.0,4.93244805980178,2018.0,,,,Asia,Southern Asia
Pakistan,PAK,2020,0.536,164,300425609817.9812,235001746,1278.3973520689553,29.6,2018.0,4.93244805980178,2018.0,,,,Asia,Southern Asia
Pakistan,PAK,2021,0.537,164,348516647445.14844,239477801,1455.3192237018598,29.6,2018.0,3.5883019034966,2018.0,,,,Asia,Southern Asia
Pakistan,PAK,2022,0.54,164,374787958882.3077,243700667,1537.902885109082,29.6,2018.0,3.5883019034966,2018.0,,,,Asia,Southern Asia
Panama,PAN,1990,0.672,57,6433967000.0,2455583,2620.1382726627444,58.5,1989.0,22.48066569332467,1989.0,73.05958537,10.7,7.26,Americas,Latin America and the Caribbean
Panama,PAN,2000,0.722,57,12304115000.0,3010369,4087.2447862703875,56.6,2000.0,11.07151188655399,2000.0,75.11663415,12.4,8.5,Americas,Latin America and the Caribbean
Panama,PAN,2010,0.775,57,29440287600.0,3628535,8113.546541510555,51.6,2010.0,3.39206675205277,2010.0,76.94870732,12.8,9.3,Americas,Latin America and the Caribbean
Panama,PAN,2015,0.802,57,54091800000.0,3960035,13659.424727306703,50.8,2015.0,1.9789225447058,2015.0,,12.7,9.9,Americas,Latin America and the Caribbean
Panama,PAN,2019,0.82,57,69721787500.0,4234700,16464.39830448438,49.8,2019.0,1.21772873089304,2019.0,,,,Americas,Latin America and the Caribbean
Panama,PAN,2020,0.809,57,57086836900.0,4293261,13296.847524527393,50.9,2021.0,1.00409953625112,2019.0,,,,Americas,Latin America and the Caribbean
Panama,PAN,2021,0.813,57,67406738100.0,4345405,15512.187724734518,50.9,2021.0,1.21772873089304,2019.0,,,,Americas,Latin America and the Caribbean
Panama,PAN,2022,0.82,57,76522511780.6222,4400773,17388.425120001008,50.9,2021.0,1.00409953625112,2019.0,,,,Americas,Latin America and the Caribbean
Peru,PER,1990,0.62,87,26410386962.801933,22014771,1199.6666675661506,44.0,1994.0,14.73095186704271,1994.0,65.53043902,11.9,6.52,Americas,Latin America and the Caribbean
Peru,PER,2000,0.675,87,51744749133.21299,26598331,1945.4133845169831,49.1,2000.0,19.26862648219036,2000.0,70.50543902,13.4,8.0,Americas,Latin America and the Caribbean
Peru,PER,2010,0.725,87,147527631520.7292,29086019,5072.114940196154,45.5,2010.0,6.835758112584619,2010.0,73.90509756,13.4,8.4,Americas,Latin America and the Caribbean
Peru,PER,2015,0.758,87,189802976285.61893,30457600,6231.711503388939,43.4,2015.0,4.74166997861624,2015.0,,13.8,9.1,Americas,Latin America and the Caribbean
Peru,PER,2019,0.774,87,228346006003.64825,32449303,7037.0080369260395,41.5,2019.0,2.97806400356876,2019.0,,,,Americas,Latin America and the Caribbean
Peru,PER,2020,0.758,87,201409694755.9344,32838579,6133.325524101831,43.7,2020.0,4.43261508946134,2020.0,,,,Americas,Latin America and the Caribbean
Peru,PER,2021,0.755,87,226354278280.88464,33155882,6826.972006984603,40.1,2021.0,5.825760661016051,2020.0,,,,Americas,Latin America and the Caribbean
Peru,PER,2022,0.762,87,246488757636.21063,33475438,7363.272069396392,40.3,2022.0,4.43261508946134,2020.0,,,,Americas,Latin America and the Caribbean
Philippines,PHL,1990,0.598,113,50508286641.57462,62854666,803.5725882558125,43.8,1991.0,27.19501485531184,1991.0,65.22356098,10.8,6.59,Asia,South-eastern Asia
Philippines,PHL,2000,0.635,113,83669788254.72792,79625397,1050.7927295449203,47.7,2000.0,14.450702809413327,2000.0,66.79665854,11.4,7.6,Asia,South-eastern Asia
Philippines,PHL,2010,0.673,113,208368893151.14383,96337125,2162.9137588561402,46.3,2009.0,11.12621718623269,2009.0,68.23026829,11.7,8.9,Asia,South-eastern Asia
Philippines,PHL,2015,0.696,113,306445871246.7178,105312992,2909.858180144742,44.6,2015.0,6.490448853226289,2015.0,,12.6,9.3,Asia,South-eastern Asia
Philippines,PHL,2019,0.714,113,376823402244.9279,110804683,3400.7894977230153,42.3,2018.0,2.98194596682624,2018.0,,,,Asia,South-eastern Asia
Philippines,PHL,2020,0.705,113,361751145451.5968,112081264,3227.5791023519937,40.7,2021.0,2.98194596682624,2018.0,,,,Asia,South-eastern Asia
Philippines,PHL,2021,0.692,113,394087359848.11,113100950,3484.3859388281885,40.7,2021.0,2.7397379602254,2018.0,,,,Asia,South-eastern Asia
Philippines,PHL,2022,0.71,113,404353369604.6311,113964338,3548.0693057211556,40.7,2021.0,2.7397379602254,2018.0,,,,Asia,South-eastern Asia
Palau,PLW,2000,0.747,71,149535827.63671902,19178,7797.258715023413,,,,,70.49365854,13.7,11.4,Oceania,Micronesia
Palau,PLW,2010,0.775,71,188174270.62988305,18396,10229.086248634652,,,,,,14.2,12.1,Oceania,Micronesia
Palau,PLW,2015,0.782,71,287215972.90039104,17770,16162.969774923526,,,,,,15.1,12.2,Oceania,Micronesia
Palau,PLW,2019,0.792,71,281828704.833984,17798,15834.852502190359,,,,,,,,Oceania,Micronesia
Palau,PLW,2020,0.794,71,261179138.183594,17792,14679.582856541929,,,,,,,,Oceania,Micronesia
Palau,PLW,2021,0.802,71,229858184.814453,17783,12925.725963811112,,,,,,,,Oceania,Micronesia
Palau,PLW,2022,0.797,71,242333709.716797,17759,13645.684425744523,,,,,,,,Oceania,Micronesia
Papua New Guinea,PNG,1990,0.394,154,3219729083.0648656,3896481,826.3171520828321,,,,,55.70934146,4.7,2.32,Oceania,Melanesia
Papua New Guinea,PNG,2000,0.456,154,3521339699.074074,5537064,635.9579190477252,45.8,1996.0,50.90685340251905,1996.0,58.79929268,6.3,3.3,Oceania,Melanesia
Papua New Guinea,PNG,2010,0.497,154,14250786674.776615,7633523,1866.8688985120782,41.9,2009.0,38.032365970379786,2009.0,62.00780488,9.8,4.0,Oceania,Melanesia
Papua New Guinea,PNG,2015,0.54,154,21723437010.09821,8743246,2484.5963398603003,,,,,,10.2,4.3,Oceania,Melanesia
Papua New Guinea,PNG,2019,0.562,154,24751066910.540928,9609010,2575.818623410833,,,,,,,,Oceania,Melanesia
Papua New Guinea,PNG,2020,0.567,154,23848445103.92275,9815746,2429.611066130149,,,,,,,,Oceania,Melanesia
Papua New Guinea,PNG,2021,0.564,154,26113333240.233334,10012896,2607.970085800685,,,,,,,,Oceania,Melanesia
Papua New Guinea,PNG,2022,0.568,154,31603619036.633846,10203169,3097.431693685937,,,,,,,,Oceania,Melanesia
Poland,POL,1990,0.715,36,65977748210.52632,38110782,1731.2095094382037,26.8,1989.0,0.089329833984375,1989.0,70.8902439,12.2,8.96,Europe,Eastern Europe
Poland,POL,2000,0.794,36,172220451786.9572,38258629,4501.479961212338,33.0,2000.0,0.13940533897819,2000.0,73.74878049,14.7,11.1,Europe,Eastern Europe
Poland,POL,2010,0.845,36,475696613935.5952,38042794,12504.25018560927,33.2,2010.0,0.0074669005182219,2010.0,76.24634146,15.3,12.2,Europe,Eastern Europe
Poland,POL,2015,0.869,36,477111287969.2267,37986412,12560.051419682035,31.8,2015.0,0.0,2015.0,,16.1,12.1,Europe,Eastern Europe
Poland,POL,2019,0.88,36,596058473058.7661,37965475,15700.0135796738,28.8,2019.0,0.0,2019.0,,,,Europe,Eastern Europe
Poland,POL,2020,0.874,36,599442732365.372,37515748,15978.4294415607,28.5,2020.0,0.0,2019.0,,,,Europe,Eastern Europe
Poland,POL,2021,0.876,36,681346077608.6073,36981559,18423.94144629239,28.5,2021.0,0.0,2019.0,,,,Europe,Eastern Europe
Poland,POL,2022,0.881,36,689763329458.4408,36821749,18732.49772731982,28.9,2022.0,0.0,2019.0,,,,Europe,Eastern Europe
Portugal,PRT,1990,0.703,42,78713860216.56589,9983218,7884.617987563318,,,,,73.96585366,11.8,5.25,Europe,Southern Europe
Portugal,PRT,2000,0.793,42,118605192877.38847,10289898,11526.372066796821,38.8,2003.0,0.8958963681535599,2003.0,76.31463415,15.6,6.8,Europe,Southern Europe
Portugal,PRT,2010,0.831,42,238113003233.28375,10573100,22520.642312404474,35.8,2010.0,0.13645983093393,2010.0,79.02682927,16.0,8.1,Europe,Southern Europe
Portugal,PRT,2015,0.85,42,199394066525.4401,10358076,19250.106537685195,35.5,2015.0,0.48239423381176,2015.0,,16.4,9.1,Europe,Southern Europe
Portugal,PRT,2019,0.864,42,239986922638.9016,10286263,23330.81728893201,32.8,2019.0,0.14872061714375,2019.0,,,,Europe,Southern Europe
Portugal,PRT,2020,0.861,42,229031860520.77728,10297081,22242.406417971975,34.7,2020.0,0.14872061714375,2019.0,,,,Europe,Southern Europe
Portugal,PRT,2021,0.865,42,255534839405.899,10361831,24661.166487457573,34.6,2021.0,0.14872061714375,2019.0,,,,Europe,Southern Europe
Portugal,PRT,2022,0.874,42,255196659934.3784,10434332,24457.40272921912,36.3,2022.0,0.14872061714375,2019.0,,,,Europe,Southern Europe
Paraguay,PRY,1990,0.604,102,5812114523.0118885,4035747,1440.1582961002978,40.8,1990.0,1.04525056095736,1990.0,68.01260976,8.6,5.73,Americas,Latin America and the Caribbean
Paraguay,PRY,2000,0.656,102,8855705139.558565,5100868,1736.1172921076502,54.6,2001.0,8.940979701091829,2001.0,70.07670732,11.8,5.9,Americas,Latin America and the Caribbean
Paraguay,PRY,2010,0.7,102,27260886405.226337,5737971,4750.962736693221,51.0,2010.0,5.45974134388832,2010.0,72.02665854,12.3,7.7,Americas,Latin America and the Caribbean
Paraguay,PRY,2015,0.738,102,36211447840.09714,6159103,5879.337923086712,47.6,2015.0,1.89134462238234,2015.0,,12.7,8.5,Americas,Latin America and the Caribbean
Paraguay,PRY,2019,0.746,102,37925338329.149445,6515058,5821.181995486371,45.7,2019.0,1.01151069294779,2019.0,,,,Americas,Latin America and the Caribbean
Paraguay,PRY,2020,0.742,102,35432178068.18139,6603739,5365.472207211913,43.5,2020.0,0.76359499840081,2020.0,,,,Americas,Latin America and the Caribbean
Paraguay,PRY,2021,0.73,102,39950899938.74815,6684182,5976.931797899601,42.9,2021.0,0.8132835708154099,2020.0,,,,Americas,Latin America and the Caribbean
Paraguay,PRY,2022,0.731,102,41952910858.08456,6760464,6205.625953793195,44.8,2022.0,0.76359499840081,2020.0,,,,Americas,Latin America and the Caribbean
"Palestine, State of",PSE,2010,0.688,111,9681500000.0,3786161,2557.075623566985,35.3,2010.0,0.0436025499955773,2010.0,72.6404878,13.3,8.5,Asia,Western Asia
"Palestine, State of",PSE,2015,0.71,111,13972400000.0,4270092,3272.1543236070793,33.7,2016.0,0.5027173410296699,2016.0,,12.8,9.0,Asia,Western Asia
"Palestine, State of",PSE,2019,0.739,111,17133500000.0,4685306,3656.858271370109,33.7,2016.0,0.82804907841396,2016.0,,,,Asia,Western Asia
"Palestine, State of",PSE,2020,0.715,111,15531700000.0,4803269,3233.5686383585844,36.4,2023.0,0.82804907841396,2016.0,,,,Asia,Western Asia
"Palestine, State of",PSE,2021,0.715,111,18109000000.0,4922749,3678.63565662194,36.4,2023.0,0.82804907841396,2016.0,,,,Asia,Western Asia
"Palestine, State of",PSE,2022,0.716,111,19165500000.0,5043612,3799.9552701516295,36.4,2023.0,,,,,,Asia,Western Asia
Qatar,QAT,1990,0.764,40,7360439423.076922,440175,16721.620771458904,,,,,75.2994878,11.8,5.38,Asia,Western Asia
Qatar,QAT,2000,0.793,40,17759890109.89011,644989,27535.182940934046,,,,,76.82014634,12.6,7.9,Asia,Western Asia
Qatar,QAT,2010,0.829,40,125122306346.15384,1616832,77387.3267885308,,,,,78.14604878,12.8,8.4,Asia,Western Asia
Qatar,QAT,2015,0.852,40,161739955576.92307,2344557,68985.29469615073,35.1,2017.0,,,,13.4,9.8,Asia,Western Asia
Qatar,QAT,2019,0.869,40,176371267692.30768,2638657,66841.30134849194,35.1,2017.0,,,,,,Asia,Western Asia
Qatar,QAT,2020,0.863,40,144411363351.64835,2794148,51683.50543766771,35.1,2017.0,,,,,,Asia,Western Asia
Qatar,QAT,2021,0.864,40,179732009560.43954,2504910,71751.88312571691,35.1,2017.0,,,,,,Asia,Western Asia
Qatar,QAT,2022,0.875,40,235770403734.9,2657333,88724.44805935124,35.1,2017.0,,,,,,Asia,Western Asia
Romania,ROU,1990,0.709,53,38247882300.49041,23201835,1648.4852297454236,23.3,1989.0,0.26629638671874,1989.0,69.74121951,11.9,9.05,Europe,Eastern Europe
Romania,ROU,2000,0.721,53,37253739511.12733,22442971,1659.929049105278,29.3,2000.0,5.36929097182575,2000.0,71.16341463,11.7,9.9,Europe,Eastern Europe
Romania,ROU,2010,0.813,53,170029359010.66742,20246871,8397.809173114572,35.5,2010.0,4.17451933996782,2010.0,73.45853659,15.4,10.7,Europe,Eastern Europe
Romania,ROU,2015,0.813,53,177883883008.74738,19815616,8976.9544892648,35.9,2015.0,5.26611906890214,2015.0,,14.5,10.9,Europe,Eastern Europe
Romania,ROU,2019,0.834,53,251017797625.017,19371648,12957.999114221826,34.8,2019.0,2.16407661653183,2019.0,,,,Europe,Eastern Europe
Romania,ROU,2020,0.828,53,251362514349.69717,19265250,13047.456656399328,34.6,2020.0,2.04141221520164,2019.0,,,,Europe,Eastern Europe
Romania,ROU,2021,0.825,53,285810244501.93335,19122059,14946.624968677972,33.9,2021.0,2.04141221520164,2019.0,,,,Europe,Eastern Europe
Romania,ROU,2022,0.827,53,298891515898.0265,19048502,15691.077224761637,32.3,2022.0,2.04141221520164,2019.0,,,,Europe,Eastern Europe
Russian Federation,RUS,1990,0.741,56,517014446227.9294,147969406,3494.0631324013652,45.4,1993.0,3.71131109489678,1993.0,68.90243902,12.8,8.91,Europe,Eastern Europe
Russian Federation,RUS,2000,0.733,56,259710142196.9428,146596869,1771.5940590582654,37.1,2000.0,2.97540665331609,2000.0,65.34146341,12.5,11.3,Europe,Eastern Europe
Russian Federation,RUS,2010,0.797,56,1524916715223.946,142849468,10674.990509757768,39.5,2010.0,0.0875292989987055,2010.0,68.85609756,14.0,11.5,Europe,Eastern Europe
Russian Federation,RUS,2015,0.823,56,1363482182197.705,144640716,9426.683024700355,36.5,2015.0,0.03768150455805,2015.0,,15.4,12.0,Europe,Eastern Europe
Russian Federation,RUS,2019,0.839,56,1693115002708.3157,145453291,11640.266033639044,35.7,2019.0,0.030001637342183,2019.0,,,,Europe,Eastern Europe
Russian Federation,RUS,2020,0.826,56,1493075894362.1426,145245148,10279.695500479937,33.7,2020.0,0.0101642723413573,2020.0,,,,Europe,Eastern Europe
Russian Federation,RUS,2021,0.818,56,1843392293734.3777,144746762,12735.29209402541,35.1,2021.0,0.0101642723413573,2020.0,,,,Europe,Eastern Europe
Russian Federation,RUS,2022,0.821,56,2266029240645.338,144236933,15710.46467443493,35.1,2021.0,0.0101642723413573,2020.0,,,,Europe,Eastern Europe
Rwanda,RWA,1990,0.32,161,2550185679.0810885,7375307,345.7734951346552,,,,,32.61156098,5.7,1.76,Africa,Sub-Saharan Africa
Rwanda,RWA,2000,0.328,161,2068837212.166811,8213931,251.86931959457792,48.5,2000.0,78.00210667560572,2000.0,47.64265854,7.2,2.3,Africa,Sub-Saharan Africa
Rwanda,RWA,2010,0.485,161,6124756894.206773,10317553,593.6249510137503,47.2,2010.0,63.20037264487528,2010.0,62.21214634,11.1,3.8,Africa,Sub-Saharan Africa
Rwanda,RWA,2015,0.509,161,8543759088.577828,11640022,733.9985344166728,43.7,2016.0,52.00539340040897,2016.0,,10.8,4.0,Africa,Sub-Saharan Africa
Rwanda,RWA,2019,0.531,161,10349299855.840408,12776103,810.0513791913237,43.7,2016.0,56.51602810620925,2016.0,,,,Africa,Sub-Saharan Africa
Rwanda,RWA,2020,0.535,161,10174387614.255816,13065837,778.701556911801,43.7,2016.0,56.51602810620925,2016.0,,,,Africa,Sub-Saharan Africa
Rwanda,RWA,2021,0.539,161,11069280277.00701,13355260,828.8330048989693,43.7,2016.0,56.51602810620925,2016.0,,,,Africa,Sub-Saharan Africa
Rwanda,RWA,2022,0.548,161,13316160803.518717,13651030,975.4693091670531,,,,,,,,Africa,Sub-Saharan Africa
Saudi Arabia,SAU,1990,0.699,40,117630173564.753,10640691,11054.749504966643,,,,,69.14897561,10.8,5.55,Asia,Western Asia
Saudi Arabia,SAU,2000,0.746,40,189514933333.3333,16177722,11714.562367515853,,,,,72.6147561,12.0,6.7,Asia,Western Asia
Saudi Arabia,SAU,2010,0.805,40,528207200000.0,23978487,22028.3790215788,,,,,75.07560976,14.3,8.9,Asia,Western Asia
Saudi Arabia,SAU,2015,0.842,40,669484266666.6666,29816382,22453.571552265013,,,,,,16.9,9.5,Asia,Western Asia
Saudi Arabia,SAU,2019,0.862,40,838564800000.0,30063799,27892.8421521179,,,,,,,,Asia,Western Asia
Saudi Arabia,SAU,2020,0.861,40,734271200000.0,31552510,23271.40376470842,,,,,,,,Asia,Western Asia
Saudi Arabia,SAU,2021,0.867,40,874156000000.0,30784383,28396.086418233557,,,,,,,,Asia,Western Asia
Saudi Arabia,SAU,2022,0.875,40,1108571466666.6667,32175224,34454.19577084115,,,,,,,,Asia,Western Asia
Sudan,SDN,1990,0.322,170,33641222222.222225,22021481,1527.654848564555,,,,,55.51446341,3.9,1.5,Africa,Northern Africa
Sudan,SDN,2000,0.42,170,12257299147.293604,27816745,440.6446242108343,,,,,57.978,5.6,2.4,Africa,Northern Africa
Sudan,SDN,2010,0.489,170,58962978034.48276,35414399,1664.9436302584934,35.4,2009.0,15.69981404130942,2009.0,61.47829268,7.3,3.1,Africa,Northern Africa
Sudan,SDN,2015,0.514,170,51726758676.76768,40024431,1292.3796137605973,34.2,2014.0,12.16396819937838,2014.0,,7.3,3.6,Africa,Northern Africa
Sudan,SDN,2019,0.521,170,32338079165.289257,45548175,709.9752990166842,34.2,2014.0,12.16396819937838,2014.0,,,,Africa,Northern Africa
Sudan,SDN,2020,0.518,170,27034593750.0,46789231,577.7952142449188,,,,,,,,Africa,Northern Africa
Sudan,SDN,2021,0.516,170,34229513774.993607,48066924,712.1219942219229,,,,,,,,Africa,Northern Africa
Sudan,SDN,2022,0.516,170,51666875363.0963,49383346,1046.2408797309176,,,,,,,,Africa,Northern Africa
Senegal,SEN,1990,0.371,169,7390967360.421208,7720523,957.3143374381772,54.0,1991.0,68.368916286022,1991.0,57.18309756,4.5,2.2,Africa,Sub-Saharan Africa
Senegal,SEN,2000,0.388,169,6013185003.975251,9968260,603.2331624551578,41.2,2001.0,49.48776605406345,2001.0,57.77426829,5.4,1.9,Africa,Sub-Saharan Africa
Senegal,SEN,2010,0.47,169,16121315909.07576,12635413,1275.8835749235707,40.3,2011.0,38.52779256252223,2011.0,62.84187805,8.0,2.4,Africa,Sub-Saharan Africa
Senegal,SEN,2015,0.501,169,17774766696.175896,14593331,1218.0061355543774,38.3,2018.0,9.33548494973649,2018.0,,9.3,2.9,Africa,Sub-Saharan Africa
Senegal,SEN,2019,0.514,169,23403995992.13541,16352922,1431.181289321591,38.3,2018.0,7.6022733419816095,2018.0,,,,Africa,Sub-Saharan Africa
Senegal,SEN,2020,0.514,169,24530513037.751846,16789219,1461.087203505526,36.2,2021.0,7.6022733419816095,2018.0,,,,Africa,Sub-Saharan Africa
Senegal,SEN,2021,0.512,169,27520784129.750805,17220867,1598.1067695227428,36.2,2021.0,7.6022733419816095,2018.0,,,,Africa,Sub-Saharan Africa
Senegal,SEN,2022,0.517,169,27619479059.613056,17651103,1564.7452207158417,36.2,2021.0,7.6022733419816095,2018.0,,,,Africa,Sub-Saharan Africa
Singapore,SGP,1990,0.78,9,36144336768.702255,3047132,11861.75615913661,,,,,75.29512195,10.6,5.79,Asia,South-eastern Asia
Singapore,SGP,2000,0.863,9,96076539925.74088,4027887,23852.83895147527,,,,,77.95121951,12.7,8.9,Asia,South-eastern Asia
Singapore,SGP,2010,0.921,9,239807980591.23965,5076732,47236.68308495301,,,,,81.54146341,15.2,11.2,Asia,South-eastern Asia
Singapore,SGP,2015,0.935,9,307998545269.39795,5535002,55645.60686146057,,,,,,16.1,11.5,Asia,South-eastern Asia
Singapore,SGP,2019,0.945,9,376901649222.4508,5703569,66081.71992351646,,,,,,,,Asia,South-eastern Asia
Singapore,SGP,2020,0.942,9,349488382610.662,5685807,61466.80367635799,,,,,,,,Asia,South-eastern Asia
Singapore,SGP,2021,0.942,9,434111559282.8491,5453566,79601.41296224325,,,,,,,,Asia,South-eastern Asia
Singapore,SGP,2022,0.949,9,498474540987.7802,5637022,88428.70242262319,,,,,,,,Asia,South-eastern Asia
Solomon Islands,SLB,2000,0.488,156,419842674.2276522,440469,953.1719013770598,46.1,2005.0,48.62968219213537,2005.0,62.83673171,6.6,4.6,Oceania,Melanesia
Solomon Islands,SLB,2010,0.553,156,898133684.8987929,532968,1685.1549903536288,37.1,2012.0,26.564885595052928,2012.0,67.06665854,9.6,5.1,Oceania,Melanesia
Solomon Islands,SLB,2015,0.562,156,1307909887.5521195,639415,2045.478894852513,37.1,2012.0,24.65794899446652,2012.0,,10.2,5.4,Oceania,Melanesia
Solomon Islands,SLB,2019,0.568,156,1619155017.392397,728147,2223.6650255956515,,,,,,,,Oceania,Melanesia
Solomon Islands,SLB,2020,0.566,156,1536145814.1700656,744498,2063.331015221083,,,,,,,,Oceania,Melanesia
Solomon Islands,SLB,2021,0.564,156,1522794913.091401,762591,1996.8697677934845,,,,,,,,Oceania,Melanesia
Solomon Islands,SLB,2022,0.562,156,1566360686.106321,781066,2005.4139933197978,,,,,,,,Oceania,Melanesia
Sierra Leone,SLE,1990,0.314,184,649644097.5661292,4196828,154.7940724676182,,,72.895810546875,1989.0,37.35736585,4.9,1.58,Africa,Sub-Saharan Africa
Sierra Leone,SLE,2000,0.319,184,635874002.1987478,4423611,143.7454609364946,40.2,2003.0,61.33197899634916,2003.0,38.11160976,7.0,2.3,Africa,Sub-Saharan Africa
Sierra Leone,SLE,2010,0.416,184,2578159803.945967,6222714,414.3143657166258,34.0,2011.0,38.69812928071837,2011.0,44.83895122,8.9,3.1,Africa,Sub-Saharan Africa
Sierra Leone,SLE,2015,0.438,184,4252029353.821908,7037655,604.1826934997393,35.7,2018.0,26.062034121157,2018.0,,9.5,3.4,Africa,Sub-Saharan Africa
Sierra Leone,SLE,2019,0.457,184,4076578698.791073,7731991,527.2353134905451,35.7,2018.0,42.99102162277768,2018.0,,,,Africa,Sub-Saharan Africa
Sierra Leone,SLE,2020,0.453,184,4062906265.733205,7912558,513.4757009974783,35.7,2018.0,42.99102162277768,2018.0,,,,Africa,Sub-Saharan Africa
Sierra Leone,SLE,2021,0.456,184,4249234704.01866,8094602,524.946711897467,35.7,2018.0,42.99102162277768,2018.0,,,,Africa,Sub-Saharan Africa
Sierra Leone,SLE,2022,0.458,184,4094563859.435564,8276807,494.70331486955826,35.7,2018.0,42.99102162277768,2018.0,,,,Africa,Sub-Saharan Africa
El Salvador,SLV,1990,0.519,127,4817542204.0,5399726,892.1827151970303,48.7,1989.0,18.20704345703125,1989.0,65.87890244,9.3,3.72,Americas,Latin America and the Caribbean
El Salvador,SLV,2000,0.609,127,11784927700.0,5943366,1982.8709354261541,51.5,2000.0,12.94293448579659,2000.0,69.55878049,11.6,5.2,Americas,Latin America and the Caribbean
El Salvador,SLV,2010,0.657,127,18447920000.0,6068249,3040.0730095287786,43.5,2010.0,6.34563456345634,2010.0,71.63441463,12.5,7.1,Americas,Latin America and the Caribbean
El Salvador,SLV,2015,0.663,127,23438240000.0,6183676,3790.3408910816156,40.6,2015.0,1.98958890991904,2015.0,,12.6,6.6,Americas,Latin America and the Caribbean
El Salvador,SLV,2019,0.676,127,26881140000.0,6222318,4320.116715346275,38.8,2019.0,1.2522546073969,2019.0,,,,Americas,Latin America and the Caribbean
El Salvador,SLV,2020,0.666,127,24921190000.0,6234673,3997.192795837087,39.0,2021.0,1.40191517782003,2019.0,,,,Americas,Latin America and the Caribbean
El Salvador,SLV,2021,0.669,127,29043140000.0,6255782,4642.607431013421,39.0,2021.0,1.2522546073969,2019.0,,,,Americas,Latin America and the Caribbean
El Salvador,SLV,2022,0.674,127,31988920000.0,6280319,5093.518338797759,38.8,2022.0,1.40191517782003,2019.0,,,,Americas,Latin America and the Caribbean
San Marino,SMR,1990,0.841,43,,23475,,,,,,,,,Europe,Southern Europe
San Marino,SMR,2000,0.875,43,1005159388.2439654,26799,37507.34685040358,,,,,80.6195122,,,Europe,Southern Europe
San Marino,SMR,2010,0.901,43,1881191949.9899757,33270,56543.19056176663,,,,,83.15937916,15.5,,Europe,Southern Europe
San Marino,SMR,2015,0.872,43,1419400403.8278778,32897,43146.803776267676,,,,,,15.1,,Europe,Southern Europe
San Marino,SMR,2019,0.861,43,1616188702.3396394,34663,46625.75952282374,,,,,,,,Europe,Southern Europe
San Marino,SMR,2020,0.844,43,1541247883.9935052,34770,44326.94518244191,,,,,,,,Europe,Southern Europe
San Marino,SMR,2021,0.853,43,1855382833.1164992,34252,54168.59842101189,,,,,,,,Europe,Southern Europe
San Marino,SMR,2022,0.867,43,,33755,,,,,,,,,Europe,Southern Europe
Somalia,SOM,2022,0.38,193,10419541202.0391,17801897,585.3051055198837,,,68.61574592509146,2017.0,,,,Africa,Sub-Saharan Africa
Serbia,SRB,2000,0.689,65,6875845986.521209,7516346,914.7857198858605,32.7,2002.0,0.12799848459453,2002.0,71.58292683,13.1,9.4,Europe,Southern Europe
Serbia,SRB,2010,0.768,65,41819468691.82505,7291436,5735.422856598488,29.0,2010.0,0.0977794028262099,2010.0,74.33658537,13.5,10.4,Europe,Southern Europe
Serbia,SRB,2015,0.794,65,39655949731.381615,7095383,5588.979443587698,40.5,2015.0,6.6467104505191,2015.0,,14.4,11.0,Europe,Southern Europe
Serbia,SRB,2019,0.812,65,51514242938.67344,6945235,7417.206608368679,34.5,2019.0,2.33444252168349,2019.0,,,,Europe,Southern Europe
Serbia,SRB,2020,0.806,65,53356484591.43781,6899126,7733.803468937633,35.0,2020.0,0.0452318337305764,2019.0,,,,Europe,Southern Europe
Serbia,SRB,2021,0.804,65,63101042897.70703,6834326,9232.957704637887,33.1,2021.0,2.33444252168349,2019.0,,,,Europe,Southern Europe
Serbia,SRB,2022,0.805,65,63563410720.70927,6664449,9537.684318795038,32.8,2022.0,0.0452318337305764,2019.0,,,,Europe,Southern Europe
South Sudan,SSD,2010,0.406,192,14602072410.950586,9745953,1498.2703498519422,46.3,2009.0,44.87714019303324,2009.0,53.465,4.9,4.8,Africa,Sub-Saharan Africa
South Sudan,SSD,2015,0.381,192,11997800760.224182,11107561,1080.1471862476544,44.0,2016.0,76.50378291222809,2016.0,,4.9,4.8,Africa,Sub-Saharan Africa
South Sudan,SSD,2019,0.391,192,,10423384,,44.0,2016.0,76.50378291222809,2016.0,,,,Africa,Sub-Saharan Africa
South Sudan,SSD,2020,0.386,192,,10698467,,44.0,2016.0,76.50378291222809,2016.0,,,,Africa,Sub-Saharan Africa
South Sudan,SSD,2021,0.381,192,,10865780,,44.0,2016.0,76.50378291222809,2016.0,,,,Africa,Sub-Saharan Africa
South Sudan,SSD,2022,0.381,192,,11021177,,,,,,,,,Africa,Sub-Saharan Africa
Sao Tome and Principe,STP,1990,0.48,141,119297935.6785057,122980,970.0596493617312,,,,,61.77143902,8.2,,Africa,Sub-Saharan Africa
Sao Tome and Principe,STP,2000,0.498,141,76198394.8202671,144018,529.0893834122617,32.1,2000.0,31.379125708334065,2000.0,63.29253659,9.4,4.2,Africa,Sub-Saharan Africa
Sao Tome and Principe,STP,2010,0.553,141,190021192.48953637,181802,1045.2095823452787,30.8,2010.0,34.59329353760316,2010.0,65.85368293,10.6,4.9,Africa,Sub-Saharan Africa
Sao Tome and Principe,STP,2015,0.595,141,259999643.04738805,200291,1298.1094659639627,40.7,2017.0,15.551899477593173,2017.0,,12.5,5.6,Africa,Sub-Saharan Africa
Sao Tome and Principe,STP,2019,0.608,141,412976064.479214,213392,1935.2930966447384,40.7,2017.0,25.556906786708712,2017.0,,,,Africa,Sub-Saharan Africa
Sao Tome and Principe,STP,2020,0.609,141,471229484.6071443,217435,2167.220017969252,40.7,2017.0,25.556906786708712,2017.0,,,,Africa,Sub-Saharan Africa
Sao Tome and Principe,STP,2021,0.609,141,524402450.75561225,221961,2362.5882508891755,40.7,2017.0,25.556906786708712,2017.0,,,,Africa,Sub-Saharan Africa
Sao Tome and Principe,STP,2022,0.613,141,542686976.4575872,226305,2398.033523154978,40.7,2017.0,25.556906786708712,2017.0,,,,Africa,Sub-Saharan Africa
Suriname,SUR,2010,0.696,124,4368370997.921263,549923,7943.604828169148,,,,,70.33582927,12.5,7.7,Americas,Latin America and the Caribbean
Suriname,SUR,2015,0.707,124,5126237646.220717,581627,8813.61705392067,,,,,,12.7,8.4,Americas,Latin America and the Caribbean
Suriname,SUR,2019,0.71,124,4016040575.0879593,605768,6629.667752486033,39.2,2022.0,,,,,,Americas,Latin America and the Caribbean
Suriname,SUR,2020,0.702,124,2911807496.2022653,612317,4755.392217106932,39.2,2022.0,,,,,,Americas,Latin America and the Caribbean
Suriname,SUR,2021,0.689,124,3081401725.888325,617896,4986.926158914001,39.2,2022.0,,,,,,Americas,Latin America and the Caribbean
Suriname,SUR,2022,0.69,124,3620987993.326366,623164,5810.650155218154,39.2,2022.0,,,,,,Americas,Latin America and the Caribbean
Slovakia,SVK,2000,0.761,45,29242558796.55065,5388720,5426.624281193057,26.3,1996.0,1.49348181685228,1996.0,73.05121951,13.2,10.3,Europe,Eastern Europe
Slovakia,SVK,2010,0.841,45,91162836320.35016,5391428,16908.847956487625,27.3,2010.0,0.4951078886533799,2010.0,75.11219512,15.0,11.6,Europe,Eastern Europe
Slovakia,SVK,2015,0.852,45,88900883130.83745,5423801,16390.882174850707,26.5,2015.0,0.66175980204606,2015.0,,15.0,12.5,Europe,Eastern Europe
Slovakia,SVK,2019,0.863,45,105711680180.56451,5454147,19381.89054687461,23.2,2019.0,0.0999940652003472,2019.0,,,,Europe,Eastern Europe
Slovakia,SVK,2020,0.86,45,106737868873.94116,5458827,19553.260961364256,24.2,2020.0,0.11811626194862,2019.0,,,,Europe,Eastern Europe
Slovakia,SVK,2021,0.852,45,118563266602.35857,5447247,21765.722502092995,24.1,2021.0,0.0999940652003472,2019.0,,,,Europe,Eastern Europe
Slovakia,SVK,2022,0.855,45,115584743573.55298,5431752,21279.458924772887,24.1,2022.0,0.11811626194862,2019.0,,,,Europe,Eastern Europe
Slovenia,SVN,2000,0.823,22,20289627636.676712,1988925,10201.303536672682,24.0,1999.0,0.0,1999.0,75.41219512,14.7,11.6,Europe,Southern Europe
Slovenia,SVN,2010,0.89,22,48208240226.450096,2048583,23532.480854546822,24.9,2010.0,0.0091577446074353,2010.0,79.42195122,17.1,12.1,Europe,Southern Europe
Slovenia,SVN,2015,0.903,22,43107506024.32537,2063531,20890.166430417266,25.4,2015.0,0.0048529581427304,2015.0,,17.2,12.0,Europe,Southern Europe
Slovenia,SVN,2019,0.918,22,54386654313.96854,2088385,26042.446346803168,24.4,2019.0,0.0,2019.0,,,,Europe,Southern Europe
Slovenia,SVN,2020,0.91,22,53734526854.22894,2102419,25558.429054450586,24.0,2020.0,0.0,2019.0,,,,Europe,Southern Europe
Slovenia,SVN,2021,0.916,22,61832201543.82846,2108079,29331.064701004307,24.3,2021.0,0.0,2019.0,,,,Europe,Southern Europe
Slovenia,SVN,2022,0.926,22,60063475466.34459,2112076,28438.122239135613,24.3,2022.0,0.0,2019.0,,,,Europe,Southern Europe
Sweden,SWE,1990,0.808,5,261846194498.8849,8558835,30593.672444776057,24.9,1992.0,0.24351319919036,1992.0,77.53682927,12.9,10.54,Europe,Northern Europe
Sweden,SWE,2000,0.903,5,262835454366.8551,8872109,29624.91267486176,27.0,2000.0,0.0,2000.0,79.64390244,18.8,11.4,Europe,Northern Europe
Sweden,SWE,2010,0.91,5,495812558843.3104,9378126,52869.04428915867,27.7,2010.0,0.49084287112574,2010.0,81.45121951,15.9,12.3,Europe,Northern Europe
Sweden,SWE,2015,0.937,5,505103781349.7569,9799186,51545.48360953215,29.2,2015.0,0.43825144453291,2015.0,,17.6,12.4,Europe,Northern Europe
Sweden,SWE,2019,0.947,5,533879529188.45374,10278887,51939.42974452912,29.3,2019.0,0.26851813522407,2019.0,,,,Europe,Northern Europe
Sweden,SWE,2020,0.944,5,547054174235.8759,10353442,52837.90397781491,28.9,2020.0,0.31651861169315,2019.0,,,,Europe,Northern Europe
Sweden,SWE,2021,0.949,5,639714956069.4681,10415811,61417.680876646875,29.8,2021.0,0.26851813522407,2019.0,,,,Europe,Northern Europe
Sweden,SWE,2022,0.952,5,590409594949.1022,10486941,56299.50573280637,31.6,2022.0,0.31651861169315,2019.0,,,,Europe,Northern Europe
Eswatini (Kingdom of),SWZ,1990,0.546,142,1114694040.6698666,872428,1277.691730056654,58.7,1994.0,82.06145751953125,1994.0,59.34519512,9.6,4.35,Africa,Sub-Saharan Africa
Eswatini (Kingdom of),SWZ,2000,0.465,142,1738093840.3660724,1041414,1668.974913306401,53.1,2000.0,56.13338280548143,2000.0,48.66407317,9.3,3.9,Africa,Sub-Saharan Africa
Eswatini (Kingdom of),SWZ,2010,0.498,142,4438765085.93784,1111650,3992.951995626178,51.4,2009.0,49.32560409406347,2009.0,48.3457561,11.2,5.7,Africa,Sub-Saharan Africa
Eswatini (Kingdom of),SWZ,2015,0.577,142,4063245671.2928457,1142813,3555.4772926916703,54.6,2016.0,29.16769713245951,2016.0,,11.2,6.5,Africa,Sub-Saharan Africa
Eswatini (Kingdom of),SWZ,2019,0.623,142,4495267265.76464,1179874,3809.9553560504255,54.6,2016.0,29.16769713245951,2016.0,,,,Africa,Sub-Saharan Africa
Eswatini (Kingdom of),SWZ,2020,0.622,142,3982236693.831596,1192729,3338.7606856474486,54.6,2016.0,29.16769713245951,2016.0,,,,Africa,Sub-Saharan Africa
Eswatini (Kingdom of),SWZ,2021,0.612,142,4850842540.992672,1206593,4020.280691991974,54.6,2016.0,29.16769713245951,2016.0,,,,Africa,Sub-Saharan Africa
Eswatini (Kingdom of),SWZ,2022,0.61,142,4790922788.708641,1218917,3930.474994366836,,,,,,,,Africa,Sub-Saharan Africa
Seychelles,SYC,2000,0.755,67,654212394.2716402,81131,8063.655005751688,42.8,1999.0,0.75826508947528,1999.0,,12.2,7.4,Africa,Sub-Saharan Africa
Seychelles,SYC,2010,0.774,67,981616542.3284544,89770,10934.794946290012,46.8,2013.0,1.15261013419348,2013.0,73.19756098,13.4,8.1,Africa,Sub-Saharan Africa
Seychelles,SYC,2015,0.797,67,1432403352.1294434,93419,15333.105172710513,46.8,2013.0,1.23605919440869,2013.0,,14.6,9.5,Africa,Sub-Saharan Africa
Seychelles,SYC,2019,0.808,67,1868690096.7345407,97625,19141.51187436149,32.1,2018.0,0.4526851222801399,2018.0,,,,Africa,Sub-Saharan Africa
Seychelles,SYC,2020,0.799,67,1382551751.5690813,98462,14041.47540745751,32.1,2018.0,0.4526851222801399,2018.0,,,,Africa,Sub-Saharan Africa
Seychelles,SYC,2021,0.795,67,1487173794.8052788,99258,14982.911148776711,32.1,2018.0,0.4526851222801399,2018.0,,,,Africa,Sub-Saharan Africa
Seychelles,SYC,2022,0.802,67,2057968519.830909,119878,17167.19097608326,32.1,2018.0,0.4526851222801399,2018.0,,,,Africa,Sub-Saharan Africa
Syrian Arab Republic,SYR,1990,0.563,157,12308624283.956398,12579208,978.48960633741,,,,,70.25941463,10.3,3.97,Asia,Western Asia
Syrian Arab Republic,SYR,2000,0.587,157,18937052543.4373,16637888,1138.188485427796,37.5,2003.0,1.09812113378266,2003.0,73.33029268,10.1,4.6,Asia,Western Asia
Syrian Arab Republic,SYR,2010,0.661,157,61390831317.86349,22482421,2730.6147909010106,40.4,2009.0,,,74.86763415,11.8,6.3,Asia,Western Asia
Syrian Arab Republic,SYR,2015,0.552,157,16466863097.212492,19424618,847.7316309238355,,,,,,8.8,5.1,Asia,Western Asia
Syrian Arab Republic,SYR,2019,0.564,157,22583045052.559998,20353534,1109.5392599909185,26.6,2022.0,,,,,,Asia,Western Asia
Syrian Arab Republic,SYR,2020,0.561,157,11155888304.002296,21049429,529.9853171315144,26.6,2022.0,,,,,,Asia,Western Asia
Syrian Arab Republic,SYR,2021,0.558,157,8980060818.721447,21628839,415.1892211468885,26.6,2022.0,,,,,,Asia,Western Asia
Syrian Arab Republic,SYR,2022,0.557,157,,22462173,,26.6,2022.0,,,,,,Asia,Western Asia
Chad,TCD,2000,0.292,189,1388506771.587557,8512093,163.12166368336872,39.8,2003.0,59.98948425615044,2003.0,46.68717073,4.9,1.4,Africa,Sub-Saharan Africa
Chad,TCD,2010,0.364,189,10668103554.119226,12312575,866.4396809050281,43.3,2011.0,38.07760059240063,2011.0,49.76985366,6.7,1.9,Africa,Sub-Saharan Africa
Chad,TCD,2015,0.388,189,10950392256.954294,14647621,747.5884484555065,37.5,2018.0,30.88294258570204,2018.0,,8.0,2.3,Africa,Sub-Saharan Africa
Chad,TCD,2019,0.398,189,11314951091.728329,16685223,678.1420357239654,37.5,2018.0,33.19263969528094,2018.0,,,,Africa,Sub-Saharan Africa
Chad,TCD,2020,0.396,189,10715396042.334282,17224679,622.0955433964419,37.5,2018.0,33.19263969528094,2018.0,,,,Africa,Sub-Saharan Africa
Chad,TCD,2021,0.393,189,11779981332.159998,17828273,660.7471925160669,37.4,2022.0,33.19263969528094,2018.0,,,,Africa,Sub-Saharan Africa
Chad,TCD,2022,0.394,189,12396807590.172993,18455316,671.7201477435008,37.4,2022.0,33.19263969528094,2018.0,,,,Africa,Sub-Saharan Africa
Togo,TGO,1990,0.399,163,2299665505.6155224,3998761,575.0945119289506,,,,,55.84843902,7.6,2.99,Africa,Sub-Saharan Africa
Togo,TGO,2000,0.436,163,2106848752.2546792,5140037,409.8898027883222,,,,,53.54534146,9.4,4.0,Africa,Sub-Saharan Africa
Togo,TGO,2010,0.469,163,4746389531.713688,6732590,704.9871641840195,46.0,2011.0,55.0192000360011,2011.0,55.46887805,11.5,4.3,Africa,Sub-Saharan Africa
Togo,TGO,2015,0.51,163,5755461035.443332,7663195,751.0524050925667,43.0,2015.0,51.14404181723544,2015.0,,12.4,4.7,Africa,Sub-Saharan Africa
Togo,TGO,2019,0.536,163,6992700101.371879,8463068,826.2606540998936,42.5,2018.0,28.06985483760191,2018.0,,,,Africa,Sub-Saharan Africa
Togo,TGO,2020,0.54,163,7400284167.784795,8669720,853.5782202637218,37.9,2021.0,28.06985483760191,2018.0,,,,Africa,Sub-Saharan Africa
Togo,TGO,2021,0.545,163,8342243645.944384,8878379,939.6133737864067,37.9,2021.0,24.07772156003222,2018.0,,,,Africa,Sub-Saharan Africa
Togo,TGO,2022,0.547,163,8169476148.956921,9089738,898.7581544107125,37.9,2021.0,24.07772156003222,2018.0,,,,Africa,Sub-Saharan Africa
Thailand,THA,1990,0.581,66,85343190719.01065,54738329,1559.1120934475484,45.3,1990.0,12.34501077934535,1990.0,70.41112195,8.4,3.83,Asia,South-eastern Asia
Thailand,THA,2000,0.663,66,126392224253.79382,63007815,2005.976945142342,42.8,2000.0,2.40171065983393,2000.0,70.91658537,11.2,6.1,Asia,South-eastern Asia
Thailand,THA,2010,0.743,66,341104766329.1696,68579447,4973.862888237778,39.4,2010.0,0.1328687867785,2010.0,73.81378049,13.3,7.7,Asia,South-eastern Asia
Thailand,THA,2015,0.789,66,401296238228.0839,70540795,5688.853353978842,36.0,2015.0,0.0465375189659312,2015.0,,13.9,7.6,Asia,South-eastern Asia
Thailand,THA,2019,0.801,66,543976691793.88586,71522271,7605.696577977591,34.9,2019.0,0.0950376019170487,2019.0,,,,Asia,South-eastern Asia
Thailand,THA,2020,0.8,66,500461898480.2456,71641484,6985.643938925743,35.0,2020.0,0.0434880058640449,2020.0,,,,Asia,South-eastern Asia
Thailand,THA,2021,0.797,66,506256494297.33966,71727332,7058.0694998852,34.9,2021.0,0.0466653380439439,2020.0,,,,Asia,South-eastern Asia
Thailand,THA,2022,0.803,66,495645210972.7507,71735329,6909.359974814512,34.3,2022.0,0.0434880058640449,2020.0,,,,Asia,South-eastern Asia
Tajikistan,TJK,1990,0.616,126,2603571428.571429,5398768,482.2528822448805,,,,,62.86478049,12.0,9.57,Asia,Central Asia
Tajikistan,TJK,2000,0.548,126,860541842.2636966,6284735,136.9257164007228,29.5,1999.0,50.70492737111933,1999.0,63.77173171,9.7,10.6,Asia,Central Asia
Tajikistan,TJK,2010,0.631,126,5642221099.177043,7652141,737.3388832193556,30.8,2009.0,3.9533215360462304,2009.0,66.9955122,11.1,10.9,Asia,Central Asia
Tajikistan,TJK,2015,0.651,126,8271431485.0748415,8643840,956.916310930656,34.0,2015.0,4.120718454592899,2015.0,,11.2,10.5,Asia,Central Asia
Tajikistan,TJK,2019,0.668,126,8300813599.3084,9529966,871.0223729348457,34.0,2015.0,4.120718454592899,2015.0,,,,Asia,Central Asia
Tajikistan,TJK,2020,0.656,126,8133963550.657425,9749310,834.3117154606249,34.0,2015.0,4.120718454592899,2015.0,,,,Asia,Central Asia
Tajikistan,TJK,2021,0.677,126,8937805347.13963,9966908,896.7480533721822,,,,,,,,Asia,Central Asia
Tajikistan,TJK,2022,0.679,126,10713525200.39978,10182222,1052.1794948489417,,,,,,,,Asia,Central Asia
Turkmenistan,TKM,2010,0.699,94,22583157894.736843,5564356,4058.5393700073905,,,,,65.01821951,10.6,9.9,Asia,Central Asia
Turkmenistan,TKM,2015,0.725,94,35799714285.71429,6215770,5759.497903834004,,,,,,10.8,9.8,Asia,Central Asia
Turkmenistan,TKM,2019,0.732,94,45232857142.85714,6803944,6648.034896062804,,,,,,,,Asia,Central Asia
Turkmenistan,TKM,2020,0.731,94,45818000000.0,6949912,6592.601460277483,,,,,,,,Asia,Central Asia
Turkmenistan,TKM,2021,0.74,94,50007428571.42857,7092043,7051.202110792134,,,,,,,,Asia,Central Asia
Turkmenistan,TKM,2022,0.744,94,56542857142.85714,7230193,7820.380056639863,,,,,,,,Asia,Central Asia
Timor-Leste,TLS,2000,0.495,155,366924300.0,745088,492.4576694296513,35.9,2001.0,38.52558349766802,2001.0,59.48141463,9.8,2.8,Asia,South-eastern Asia
Timor-Leste,TLS,2010,0.639,155,881909300.0,1084679,813.0601772505967,27.8,2007.0,37.39566708158013,2007.0,65.94446341,12.4,4.4,Asia,South-eastern Asia
Timor-Leste,TLS,2015,0.621,155,1595205100.0,1205131,1323.6777578537105,28.7,2014.0,21.95826035782623,2014.0,,12.8,4.5,Asia,South-eastern Asia
Timor-Leste,TLS,2019,0.627,155,2027034000.0,1300945,1558.1242865762965,28.7,2014.0,21.95826035782623,2014.0,,,,Asia,South-eastern Asia
Timor-Leste,TLS,2020,0.633,155,2162619200.0,1326053,1630.8693543923207,,,,,,,,Asia,South-eastern Asia
Timor-Leste,TLS,2021,0.574,155,3621958000.0,1350139,2682.655637678787,,,,,,,,Asia,South-eastern Asia
Timor-Leste,TLS,2022,0.566,155,3204753000.0,1369295,2340.4401535096526,,,,,,,,Asia,South-eastern Asia
Tonga,TON,1990,0.64,98,113563821.57740392,99700,1139.0553819197985,,,,,69.58231707,13.7,8.3,Oceania,Polynesia
Tonga,TON,2000,0.679,98,204848487.80648512,102677,1995.0766754627143,37.7,2000.0,2.5354885381444,2000.0,70.76043902,13.2,9.1,Oceania,Polynesia
Tonga,TON,2010,0.709,98,366832215.1895781,107400,3415.5699738321987,37.5,2009.0,1.10682349641557,2009.0,72.18263415,14.4,10.7,Oceania,Polynesia
Tonga,TON,2015,0.723,98,437003078.563584,106095,4118.979014690457,33.5,2015.0,0.95249028026981,2015.0,,14.3,11.2,Oceania,Polynesia
Tonga,TON,2019,0.74,98,512053692.0786754,105669,4845.826988792128,27.1,2021.0,0.95249028026981,2015.0,,,,Oceania,Polynesia
Tonga,TON,2020,0.742,98,484796854.9187562,105704,4586.362435846857,27.1,2021.0,0.95249028026981,2015.0,,,,Oceania,Polynesia
Tonga,TON,2021,0.738,98,469228219.6657909,105490,4448.082469104094,27.1,2021.0,,,,,,Oceania,Polynesia
Tonga,TON,2022,0.739,98,500274898.0852215,105042,4762.617791790156,27.1,2021.0,,,,,,Oceania,Polynesia
Trinidad and Tobago,TTO,1990,0.656,60,5068000000.0,1252208,4047.2509359467435,42.6,1988.0,0.43194461092942,1988.0,68.02290244,11.2,7.94,Americas,Latin America and the Caribbean
Trinidad and Tobago,TTO,2000,0.708,60,8154338232.959776,1319774,6178.586813317868,,,,,68.59795122,11.8,9.2,Americas,Latin America and the Caribbean
Trinidad and Tobago,TTO,2010,0.785,60,22157948396.20422,1317714,16815.44583741557,,,,,69.59736585,12.6,10.7,Americas,Latin America and the Caribbean
Trinidad and Tobago,TTO,2015,0.812,60,27026080986.578026,1349667,20024.258566430108,,,,,,12.7,10.8,Americas,Latin America and the Caribbean
Trinidad and Tobago,TTO,2019,0.813,60,23775754304.665176,1363985,17431.09660638876,,,,,,,,Americas,Latin America and the Caribbean
Trinidad and Tobago,TTO,2020,0.815,60,20807571314.304337,1366725,15224.402359146381,,,,,,,,Americas,Latin America and the Caribbean
Trinidad and Tobago,TTO,2021,0.804,60,24496505940.66731,1367558,17912.59013560471,,,,,,,,Americas,Latin America and the Caribbean
Trinidad and Tobago,TTO,2022,0.814,60,30053575132.14196,1365805,22004.29426758722,,,,,,,,Americas,Latin America and the Caribbean
Tunisia,TUN,1990,0.566,101,12290568181.818182,8324509,1476.4316047731081,40.1,1990.0,8.553212890625,1990.0,70.30731707,10.5,3.43,Africa,Northern Africa
Tunisia,TUN,2000,0.651,101,21473528160.77824,9764935,2199.0446593631436,40.8,2000.0,4.37924316406249,2000.0,72.6,13.1,4.9,Africa,Northern Africa
Tunisia,TUN,2010,0.713,101,46206091937.96283,10765980,4291.861208915754,38.5,2010.0,2.00257532641815,2010.0,74.60243902,14.5,6.7,Africa,Northern Africa
Tunisia,TUN,2015,0.724,101,45779494041.92953,11402264,4014.9477368643215,32.8,2015.0,0.14006154740587,2015.0,,14.9,7.0,Africa,Northern Africa
Tunisia,TUN,2019,0.74,101,41905540184.42405,11875081,3528.8635239139885,33.7,2021.0,0.2461845246521,2015.0,,,,Africa,Northern Africa
Tunisia,TUN,2020,0.734,101,42491816475.71184,11974057,3548.6566061704766,33.7,2021.0,0.2461845246521,2015.0,,,,Africa,Northern Africa
Tunisia,TUN,2021,0.729,101,46812290143.34397,12048622,3885.2816648529574,33.7,2021.0,,,,,,Africa,Northern Africa
Tunisia,TUN,2022,0.732,101,44579761022.89928,12119334,3678.400234113465,33.7,2021.0,,,,,,Africa,Northern Africa
Türkiye,TUR,1990,0.598,45,150655500191.6443,56015628,2689.526219212329,41.0,1987.0,2.1580078125,1987.0,64.28234146,8.9,4.53,Asia,Western Asia
Türkiye,TUR,2000,0.669,45,274294623164.04333,65425961,4192.443167384937,41.4,2002.0,2.10441513270984,2002.0,69.99836585,11.1,5.5,Asia,Western Asia
Türkiye,TUR,2010,0.75,45,776967266305.5303,73142150,10622.702043972324,38.8,2010.0,0.77376915093296,2010.0,74.21119512,13.8,6.7,Asia,Western Asia
Türkiye,TUR,2015,0.821,45,864313810469.0094,78218479,11049.995110094245,42.9,2015.0,0.21237285626367,2015.0,,15.2,7.8,Asia,Western Asia
Türkiye,TUR,2019,0.842,45,761005946788.2214,82579440,9215.440874728885,43.8,2019.0,0.36060978928574,2019.0,,,,Asia,Western Asia
Türkiye,TUR,2020,0.835,45,720338498174.7438,83384680,8638.739132592988,43.0,2020.0,0.36060978928574,2019.0,,,,Asia,Western Asia
Türkiye,TUR,2021,0.841,45,819865253669.6614,84147318,9743.213130924285,44.4,2021.0,0.36060978928574,2019.0,,,,Asia,Western Asia
Türkiye,TUR,2022,0.855,45,907118435952.688,84979913,10674.504173153107,44.5,2022.0,0.36060978928574,2019.0,,,,Asia,Western Asia
Tuvalu,TUV,1990,0.564,132,9542900.901365044,8798,1084.667072216986,,,,,,,,Oceania,Polynesia
Tuvalu,TUV,2000,0.599,132,15073975.534937706,9544,1579.4190627554176,,,,,,,,Oceania,Polynesia
Tuvalu,TUV,2010,0.623,132,32105408.47711205,10614,3024.8170790570994,39.1,2010.0,3.2604172502753097,2010.0,,,,Oceania,Polynesia
Tuvalu,TUV,2015,0.656,132,36811936.082458735,10963,3357.8341770007055,39.1,2010.0,3.2604172502753097,2010.0,,,,Oceania,Polynesia
Tuvalu,TUV,2019,0.654,132,54123198.5662913,10581,5115.130759502061,,,,,,,,Oceania,Polynesia
Tuvalu,TUV,2020,0.655,132,51746594.31485426,10399,4976.112541095707,,,,,,,,Oceania,Polynesia
Tuvalu,TUV,2021,0.653,132,60196405.71383929,10194,5905.081980953432,,,,,,,,Oceania,Polynesia
Tuvalu,TUV,2022,0.653,132,59065982.08736571,9992,5911.3272705530135,,,,,,,,Oceania,Polynesia
Tanzania (United Republic of),TZA,1990,0.366,167,6184384225.025945,26110207,236.8569588523731,35.3,1991.0,72.3268907662939,1991.0,50.46336585,5.5,3.6,Africa,Sub-Saharan Africa
Tanzania (United Republic of),TZA,2000,0.396,167,13371767081.742811,34260139,390.301016634603,37.3,2000.0,84.03533021821556,2000.0,49.9715122,6.2,4.2,Africa,Sub-Saharan Africa
Tanzania (United Republic of),TZA,2010,0.493,167,32012892919.369995,44758488,715.236245678585,37.8,2011.0,44.65546314101975,2011.0,59.18170732,8.8,5.1,Africa,Sub-Saharan Africa
Tanzania (United Republic of),TZA,2015,0.507,167,47413919817.12405,52020962,911.4387353529535,40.5,2018.0,44.94932284336683,2018.0,,8.9,5.8,Africa,Sub-Saharan Africa
Tanzania (United Republic of),TZA,2019,0.533,167,61026731925.92128,59174891,1031.2943698691608,40.5,2018.0,49.365056673740106,2018.0,,,,Africa,Sub-Saharan Africa
Tanzania (United Republic of),TZA,2020,0.535,167,66068737786.06392,60972798,1083.5772664732217,40.5,2018.0,49.365056673740106,2018.0,,,,Africa,Sub-Saharan Africa
Tanzania (United Republic of),TZA,2021,0.529,167,70655628147.89859,62830412,1124.5450395566177,40.5,2018.0,49.365056673740106,2018.0,,,,Africa,Sub-Saharan Africa
Tanzania (United Republic of),TZA,2022,0.532,167,75769974505.01057,64711821,1170.8830524953173,40.5,2018.0,49.365056673740106,2018.0,,,,Africa,Sub-Saharan Africa
Uganda,UGA,1990,0.329,159,4304399310.30967,17569897,244.98716812680635,44.4,1989.0,58.27134515034356,1989.0,47.50065854,5.7,2.77,Africa,Sub-Saharan Africa
Uganda,UGA,2000,0.392,159,6193246837.096873,24000150,258.05033873108596,43.0,1999.0,67.4517534375642,1999.0,48.10936585,10.8,3.9,Africa,Sub-Saharan Africa
Uganda,UGA,2010,0.5,159,26673441430.78569,32390802,823.4881442819999,44.2,2009.0,46.71518346098042,2009.0,57.29653659,11.0,5.7,Africa,Sub-Saharan Africa
Uganda,UGA,2015,0.525,159,32387183730.10015,37531446,862.9346103558107,42.8,2016.0,41.34905025652227,2016.0,,11.2,5.7,Africa,Sub-Saharan Africa
Uganda,UGA,2019,0.544,159,35348155095.421455,42999637,822.0570581891529,42.7,2019.0,42.20772862992762,2019.0,,,,Africa,Sub-Saharan Africa
Uganda,UGA,2020,0.545,159,37600368239.882416,44457152,845.7664638500104,42.7,2019.0,42.20772862992762,2019.0,,,,Africa,Sub-Saharan Africa
Uganda,UGA,2021,0.545,159,40529788744.05949,45910930,882.791717442001,42.7,2019.0,42.20772862992762,2019.0,,,,Africa,Sub-Saharan Africa
Uganda,UGA,2022,0.55,159,45565333216.41416,47312719,963.0673142334974,42.7,2019.0,40.99174812263669,2019.0,,,,Africa,Sub-Saharan Africa
Ukraine,UKR,1990,0.731,100,79523809523.80952,52054092,1527.7148533070085,29.7,1992.0,2.67774012141074,1992.0,70.13658537,12.4,9.14,Europe,Eastern Europe
Ukraine,UKR,2000,0.698,100,32375083934.82412,49556660,653.2943086726208,28.9,1999.0,11.726406249999991,1999.0,67.8595122,13.0,10.7,Europe,Eastern Europe
Ukraine,UKR,2010,0.766,100,141209170427.2334,46456003,3039.6323684418867,24.8,2010.0,0.0125367972981494,2010.0,70.26536585,14.8,11.3,Europe,Eastern Europe
Ukraine,UKR,2015,0.764,100,91030967789.07176,45784896,1988.231398168334,25.5,2015.0,0.12321676484742,2015.0,,15.0,11.3,Europe,Eastern Europe
Ukraine,UKR,2019,0.774,100,153883047509.57697,44957458,3422.859172989206,26.6,2019.0,0.0,2019.0,,,,Europe,Eastern Europe
Ukraine,UKR,2020,0.762,100,156617722013.3422,44680014,3505.3194480499087,25.6,2020.0,0.0191334582193987,2020.0,,,,Europe,Eastern Europe
Ukraine,UKR,2021,0.755,100,199765859570.9353,44298640,4509.525790654867,25.6,2020.0,0.0288256088822796,2020.0,,,,Europe,Eastern Europe
Ukraine,UKR,2022,0.734,100,161989520721.1905,41048766,3946.2701685402794,25.6,2020.0,0.0191334582193987,2020.0,,,,Europe,Eastern Europe
Uruguay,URY,1990,0.702,52,9298807850.299791,3104403,2995.3610566346547,42.4,1989.0,,,72.53953659,12.9,7.13,Americas,Latin America and the Caribbean
Uruguay,URY,2000,0.754,52,22823270892.10942,3266206,6987.7009876625725,42.9,2000.0,,,74.66009756,14.2,8.0,Americas,Latin America and the Caribbean
Uruguay,URY,2010,0.785,52,41950361211.95806,3318580,12641.057684900788,44.5,2010.0,0.15245410115788,2010.0,76.61621951,14.7,8.4,Americas,Latin America and the Caribbean
Uruguay,URY,2015,0.807,52,57680327998.66888,3368017,17125.901680029787,40.1,2015.0,0.14976594563014,2015.0,,15.9,8.7,Americas,Latin America and the Caribbean
Uruguay,URY,2019,0.818,52,62222387928.99324,3397206,18315.753571903864,39.7,2019.0,0.10207200483349,2019.0,,,,Americas,Latin America and the Caribbean
Uruguay,URY,2020,0.82,52,53668636567.86667,3398968,15789.685742221365,40.2,2020.0,0.18426015843024,2020.0,,,,Americas,Latin America and the Caribbean
Uruguay,URY,2021,0.814,52,60760798595.54362,3396695,17888.211510171983,40.8,2021.0,0.20301820012475,2020.0,,,,Americas,Latin America and the Caribbean
Uruguay,URY,2022,0.83,52,70164683290.37762,3390913,20691.973899176304,40.6,2022.0,0.18426015843024,2020.0,,,,Americas,Latin America and the Caribbean
United States,USA,1990,0.875,20,5963144000000.0,249623000,23888.60000881329,38.3,1990.0,0.49938721039542,1991.0,75.21463415,15.3,12.32,Americas,Northern America
United States,USA,2000,0.894,20,10250952000000.0,282162411,36329.97025957508,40.1,2000.0,0.7495953662845,2000.0,76.63658537,15.5,12.7,Americas,Northern America
United States,USA,2010,0.916,20,15048971000000.0,309378227,48642.6312088213,40.2,2010.0,0.99972679742009,2010.0,78.54146341,16.6,13.2,Americas,Northern America
United States,USA,2015,0.924,20,18295019000000.0,321815121,56849.46979231594,41.5,2015.0,1.24918810472736,2015.0,,16.5,13.3,Americas,Northern America
United States,USA,2019,0.933,20,21521395000000.0,330226227,65171.67093454391,41.9,2019.0,0.99917052158586,2019.0,,,,Americas,Northern America
United States,USA,2020,0.923,20,21322950000000.0,331577720,64307.547563810986,40.0,2020.0,0.99917052158586,2019.0,,,,Americas,Northern America
United States,USA,2021,0.921,20,23594031000000.0,332099760,71045.01069196798,39.7,2021.0,0.99917052158586,2019.0,,,,Americas,Northern America
United States,USA,2022,0.927,20,25744108000000.0,334017321,77074.1706535632,41.7,2022.0,0.99917052158586,2019.0,,,,Americas,Northern America
Uzbekistan,UZB,2000,0.603,106,13760513969.314005,24787054,555.1492310991861,35.9,2000.0,61.45855025265412,2000.0,66.94078049,10.7,9.1,Asia,Central Asia
Uzbekistan,UZB,2010,0.675,106,49765676402.449455,28385506,1753.2073024327788,,,,,67.8587561,11.4,10.7,Asia,Central Asia
Uzbekistan,UZB,2015,0.701,106,86196264755.31053,30749346,2803.190180217509,,,,,,11.7,11.4,Asia,Central Asia
Uzbekistan,UZB,2019,0.725,106,60283503705.39067,32964701,1828.728969978847,32.9,2021.0,,,,,,Asia,Central Asia
Uzbekistan,UZB,2020,0.716,106,60224701296.78847,33586372,1793.1291089370554,32.9,2021.0,,,,,,Asia,Central Asia
Uzbekistan,UZB,2021,0.721,106,69600614987.35088,34243696,2032.5088444702603,32.9,2021.0,,,,,,Asia,Central Asia
Uzbekistan,UZB,2022,0.727,106,81140823252.41638,34938955,2322.359762975635,31.2,2022.0,,,,,,Asia,Central Asia
Saint Vincent and the Grenadines,VCT,2000,0.691,81,427946037.037037,113545,3768.955366040222,,,,,70.58312195,12.8,7.6,Americas,Latin America and the Caribbean
Saint Vincent and the Grenadines,VCT,2010,0.756,81,720447888.8888888,109959,6551.968359924052,,,,,72.18492683,13.7,8.3,Americas,Latin America and the Caribbean
Saint Vincent and the Grenadines,VCT,2015,0.777,81,786555555.5555555,106960,7353.7355605418425,,,,,,13.3,8.6,Americas,Latin America and the Caribbean
Saint Vincent and the Grenadines,VCT,2019,0.789,81,910766666.6666666,104167,8743.332021337532,,,,,,,,Americas,Latin America and the Caribbean
Saint Vincent and the Grenadines,VCT,2020,0.785,81,869111111.111111,103526,8395.09988902412,,,,,,,,Americas,Latin America and the Caribbean
Saint Vincent and the Grenadines,VCT,2021,0.773,81,872225925.9259259,102841,8481.305373595413,,,,,,,,Americas,Latin America and the Caribbean
Saint Vincent and the Grenadines,VCT,2022,0.772,81,966492592.5925924,102046,9471.146273176728,,,,,,,,Americas,Latin America and the Caribbean
Venezuela (Bolivarian Republic of),VEN,1990,0.657,119,48606952194.775154,19827010,2451.5523114567022,43.8,1989.0,5.318249059581,1989.0,71.10773171,10.5,4.59,Americas,Latin America and the Caribbean
Venezuela (Bolivarian Republic of),VEN,2000,0.699,119,117146466002.66116,24526708,4776.281676393797,47.2,2001.0,10.29149146988056,2001.0,72.44414634,10.4,6.4,Americas,Latin America and the Caribbean
Venezuela (Bolivarian Republic of),VEN,2010,0.759,119,393192354510.6531,28813101,13646.304662266413,44.7,2006.0,7.130036624332189,2006.0,74.17046341,14.1,8.9,Americas,Latin America and the Caribbean
Venezuela (Bolivarian Republic of),VEN,2015,0.766,119,,30573972,,,,,,,14.3,10.1,Americas,Latin America and the Caribbean
Venezuela (Bolivarian Republic of),VEN,2019,0.72,119,,28938098,,,,,,,,,Americas,Latin America and the Caribbean
Venezuela (Bolivarian Republic of),VEN,2020,0.691,119,,28444077,,,,,,,,,Americas,Latin America and the Caribbean
Venezuela (Bolivarian Republic of),VEN,2021,0.69,119,,28237826,,,,,,,,,Americas,Latin America and the Caribbean
Venezuela (Bolivarian Republic of),VEN,2022,0.699,119,,28213017,,,,,,,,,Americas,Latin America and the Caribbean
Viet Nam,VNM,1990,0.492,107,6471740805.56984,65504552,98.79833703114006,35.7,1992.0,52.29665673895717,1992.0,70.51009756,7.8,3.94,Asia,South-eastern Asia
Viet Nam,VNM,2000,0.599,107,31172518403.316227,77154011,404.02978405511834,37.0,2002.0,29.9392540833545,2002.0,73.63112195,10.6,5.4,Asia,South-eastern Asia
Viet Nam,VNM,2010,0.676,107,147201173196.97876,87455152,1683.1618244397855,39.3,2010.0,4.02773845115531,2010.0,75.31173171,12.0,7.5,Asia,South-eastern Asia
Viet Nam,VNM,2015,0.697,107,239258328381.7414,92823254,2577.568853401125,35.3,2016.0,1.80478617987657,2016.0,,12.7,8.0,Asia,South-eastern Asia
Viet Nam,VNM,2019,0.717,107,334365270496.66705,97173776,3440.9002537543365,36.8,2020.0,1.2314411596216,2018.0,,,,Asia,South-eastern Asia
Viet Nam,VNM,2020,0.726,107,346615738537.7963,98079191,3534.0395348264683,36.8,2020.0,1.2314411596216,2018.0,,,,Asia,South-eastern Asia
Viet Nam,VNM,2021,0.718,107,366474752771.0093,98935098,3704.193559003795,36.1,2022.0,1.2314411596216,2018.0,,,,Asia,South-eastern Asia
Viet Nam,VNM,2022,0.726,107,410324028883.32526,99680655,4116.385760941531,36.1,2022.0,1.80146449160213,2018.0,,,,Asia,South-eastern Asia
Vanuatu,VUT,2010,0.578,140,670712979.6820383,238248,2815.1882898577883,37.4,2010.0,13.14295371363966,2010.0,70.83890244,10.8,6.7,Oceania,Melanesia
Vanuatu,VUT,2015,0.592,140,730870802.9670509,266101,2746.5917188099666,32.3,2019.0,9.99946154652069,2019.0,,10.9,6.8,Oceania,Melanesia
Vanuatu,VUT,2019,0.614,140,936526267.6225132,291985,3207.4465045208253,32.3,2019.0,8.645417540188859,2019.0,,,,Oceania,Melanesia
Vanuatu,VUT,2020,0.612,140,909421043.508407,298858,3042.987115982865,32.3,2019.0,8.645417540188859,2019.0,,,,Oceania,Melanesia
Vanuatu,VUT,2021,0.614,140,950394006.532514,305868,3107.2031285800213,32.3,2019.0,8.645417540188859,2019.0,,,,Oceania,Melanesia
Vanuatu,VUT,2022,0.614,140,1022219297.5033524,313046,3265.396451330962,32.3,2019.0,8.645417540188859,2019.0,,,,Oceania,Melanesia
Samoa,WSM,2000,0.672,116,258856139.79848865,181685,1424.7524000247056,40.7,2002.0,2.0445963516729,2002.0,69.48731707,12.0,8.8,Oceania,Polynesia
Samoa,WSM,2010,0.704,116,680260907.1539834,193023,3524.2479246202956,42.0,2008.0,0.62033364517823,2008.0,72.40802439,12.3,10.0,Oceania,Polynesia
Samoa,WSM,2015,0.71,116,824150498.6535364,201782,4084.3608381993263,38.7,2013.0,1.13994794347489,2013.0,,12.4,10.3,Oceania,Polynesia
Samoa,WSM,2019,0.712,116,912950466.0649056,209780,4351.942349437056,,,,,,,,Oceania,Polynesia
Samoa,WSM,2020,0.712,116,868898358.2664367,211944,4099.660090714701,,,,,,,,Oceania,Polynesia
Samoa,WSM,2021,0.708,116,843923638.7330176,213779,3947.645179054152,,,,,,,,Oceania,Polynesia
Samoa,WSM,2022,0.702,116,832945205.6371847,215261,3869.4663949214428,,,,,,,,Oceania,Polynesia
Yemen,YEM,1990,0.357,186,12643821568.96257,13887862,910.4224659607484,,,,,57.76419512,7.5,0.29,Asia,Western Asia
Yemen,YEM,2000,0.434,186,9679316770.186337,19624141,493.2351826348137,35.0,1998.0,6.9667105332432895,1998.0,60.45785366,7.9,1.2,Asia,Western Asia
Yemen,YEM,2010,0.496,186,30906749533.221,26754387,1155.203052614175,36.7,2014.0,19.80275668628586,2014.0,62.52765854,8.6,2.6,Asia,Western Asia
Yemen,YEM,2015,0.455,186,42444490073.85545,31159379,1362.1738120601008,36.7,2014.0,18.26823524060244,2014.0,,9.0,3.0,Asia,Western Asia
Yemen,YEM,2019,0.43,186,,35111408,,36.7,2014.0,18.26823524060244,2014.0,,,,Asia,Western Asia
Yemen,YEM,2020,0.43,186,,36134863,,,,,,,,,Asia,Western Asia
Yemen,YEM,2021,0.425,186,,37140230,,,,,,,,,Asia,Western Asia
Yemen,YEM,2022,0.424,186,,38222876,,,,,,,,,Asia,Western Asia
South Africa,ZAF,1990,0.635,110,126048140141.86874,40746268,3093.4892035233447,59.3,1993.0,31.47637523548329,1993.0,62.12007317,11.4,6.49,Africa,Sub-Saharan Africa
South Africa,ZAF,2000,0.633,110,151752757215.3085,47159719,3217.8469344846712,57.8,2000.0,36.82296583862709,2000.0,55.83687805,13.0,8.8,Africa,Sub-Saharan Africa
South Africa,ZAF,2010,0.675,110,417363822801.7127,52344051,7973.47195771517,63.4,2010.0,16.17240689900785,2010.0,54.3907561,12.8,10.0,Africa,Sub-Saharan Africa
South Africa,ZAF,2015,0.721,110,346709790458.56305,56723537,6112.273824859742,63.0,2014.0,20.48492024065575,2014.0,,13.3,10.1,Africa,Sub-Saharan Africa
South Africa,ZAF,2019,0.741,110,389330032224.2691,59587885,6533.711210328561,63.0,2014.0,18.69920667248717,2014.0,,,,Africa,Sub-Saharan Africa
South Africa,ZAF,2020,0.722,110,338291396026.6977,60562381,5585.833820283547,,,,,,,,Africa,Sub-Saharan Africa
South Africa,ZAF,2021,0.721,110,420117812466.0407,61502603,6830.894823525448,,,,,,,,Africa,Sub-Saharan Africa
South Africa,ZAF,2022,0.717,110,405270850098.7384,62378410,6496.973072874708,,,,,,,,Africa,Sub-Saharan Africa
Zambia,ZMB,1990,0.417,153,3285217391.3043475,7786169,421.92988506983954,59.4,1991.0,55.16358796262285,1991.0,43.82014634,7.5,4.68,Africa,Sub-Saharan Africa
Zambia,ZMB,2000,0.418,153,3600632111.414137,10017631,359.4295009882214,49.1,1998.0,43.845366994016985,1998.0,41.78312195,9.8,5.9,Africa,Sub-Saharan Africa
Zambia,ZMB,2010,0.528,153,20265559483.854828,13965594,1451.1061601715494,52.0,2010.0,68.45660587534717,2010.0,54.52756098,12.0,6.6,Africa,Sub-Saharan Africa
Zambia,ZMB,2015,0.563,153,21251216798.776245,16399089,1295.877886800678,55.8,2015.0,61.35216042615463,2015.0,,12.5,6.9,Africa,Sub-Saharan Africa
Zambia,ZMB,2019,0.574,153,23308667781.225758,18513839,1258.9861984446206,51.5,2022.0,58.74597130048059,2015.0,,,,Africa,Sub-Saharan Africa
Zambia,ZMB,2020,0.569,153,18137764931.28077,19059395,951.6443166890014,51.5,2022.0,58.74597130048059,2015.0,,,,Africa,Sub-Saharan Africa
Zambia,ZMB,2021,0.565,153,22096416932.008896,19603607,1127.1607787285725,51.5,2022.0,,,,,,Africa,Sub-Saharan Africa
Zambia,ZMB,2022,0.569,153,29163782140.485832,20152938,1447.1231013803463,51.5,2022.0,,,,,,Africa,Sub-Saharan Africa
Zimbabwe,ZWE,1990,0.479,159,8783816700.0,10137281,866.4864572660065,,,,,59.1337561,9.8,4.53,Africa,Sub-Saharan Africa
Zimbabwe,ZWE,2000,0.426,159,6689957600.0,11892055,562.5569003843323,,,,,43.922,9.8,6.5,Africa,Sub-Saharan Africa
Zimbabwe,ZWE,2010,0.481,159,12041655200.0,13356548,901.5544435583206,43.2,2011.0,21.355552998307505,2011.0,53.59312195,10.1,7.3,Africa,Sub-Saharan Africa
Zimbabwe,ZWE,2015,0.544,159,19963120600.0,14399013,1386.4228471770948,44.3,2017.0,34.20604551812272,2017.0,,10.3,8.2,Africa,Sub-Saharan Africa
Zimbabwe,ZWE,2019,0.56,159,21832234925.50214,15271368,1429.6188085770796,50.3,2019.0,39.75453322816893,2019.0,,,,Africa,Sub-Saharan Africa
Zimbabwe,ZWE,2020,0.554,159,21509698406.111595,15526888,1385.319350929278,50.3,2019.0,39.75453322816893,2019.0,,,,Africa,Sub-Saharan Africa
Zimbabwe,ZWE,2021,0.549,159,28371238665.511635,15797210,1795.9651524232213,50.3,2019.0,39.75453322816893,2019.0,,,,Africa,Sub-Saharan Africa
Zimbabwe,ZWE,2022,0.55,159,27366627153.095413,16069056,1703.0637738206533,50.3,2019.0,39.75453322816893,2019.0,,,,Africa,Sub-Saharan Africa
